,Compound_001,Compound_002,Compound_003,Compound_004,Compound_005,Compound_006,Compound_007,Compound_008,Compound_009,Compound_010,Compound_011,Compound_012,Compound_013,Compound_014,Compound_015,Compound_016,Compound_017,Compound_018,Compound_019,Compound_020,Compound_021,Compound_022,Compound_023,Compound_024,Compound_025,Compound_026,Compound_027,Compound_028,Compound_029,Compound_030,Compound_031,Compound_032,Compound_033,Compound_034,Compound_035,Compound_036,Compound_037,Compound_038,Compound_039,Compound_040,Compound_041,Compound_042,Compound_043,Compound_044,Compound_045,Compound_046,Compound_047,Compound_048,Compound_049,Compound_050,Compound_051,Compound_052,Compound_053,Compound_054,Compound_055,Compound_056,Compound_057,Compound_058,Compound_059,Compound_060,Compound_061,Compound_062,Compound_063,Compound_064,Compound_065,Compound_066,Compound_067,Compound_068,Compound_069,Compound_070,Compound_071,Compound_072,Compound_073,Compound_074,Compound_075,Compound_076,Compound_077,Compound_078,Compound_079,Compound_080,Compound_081,Compound_082,status,cohort,plate
BA2037D,10.5,4.8,6.6,15.1,4.8,,7.8,18.8,10.8,4.3,12.2,3.5,17.8,6.5,36.2,4.7,10.2,8.3,3.8,,5.3,14.6,7.7,4.6,1.5,,3.7,9.3,0,18,,,9.4,21.4,3.2,13.3,13.4,5.6,0,16.6,22.9,7.7,0,4,0,0,,1,35.2,0.2,34.1,0,15.1,15.3,34.8,12,20.7,24.5,0.1,21.6,14.8,8.3,,4.5,20.3,6.6,31.8,0,,3.5,2.1,22,15.1,14.5,10.9,13.8,0,5.8,9.9,8.6,,9.7,patients,BeatAML,
BA2133D,23,6.5,21.4,34.5,15.7,,,21.8,32.2,0,17.9,16.1,41.3,0,17.2,16.8,1.9,11.8,3.9,,10.3,23.7,5.7,15.7,12.9,,0.9,12.6,0,33.5,,,6.5,38.1,0,19.5,31.7,16.7,0,14.5,35.5,16.6,0.1,9.1,11.6,1.3,,11.8,17.7,13.9,35.9,3.9,47.2,3.8,40.9,38.5,18.4,16.1,2.1,16.8,6.7,9.5,,4.5,37,13.3,31.6,20.9,,0,0,19.7,18.7,30.2,37.4,18.5,3.8,11.6,18.3,36.4,,0,patients,BeatAML,
BA2184D,4.8,0.2,12.7,18.6,10.1,,12.7,17.2,6,7.7,13,21.6,4.6,8.1,25.7,15.8,2.2,1.7,1.4,,10.8,17,6.7,7.6,3.9,,0.4,13,4.2,15.5,,,0,20,0,18,8.1,6.2,0,17.3,15.2,16.2,0,15,0.7,4.2,,6.9,21.7,10.7,22.9,0.7,15.1,0,16.8,4,23.8,0,1.2,41.9,13.1,5,,1.6,17.7,11.3,25.1,12.2,,3.5,15.5,6.9,13.3,11.2,13.2,14.3,0.1,11.6,13.3,20,,0,patients,BeatAML,
BA2211D,9.7,26.3,18.1,31.1,28.6,,,12,18.4,10,21.5,12.2,30.3,10.7,0,19.9,11.9,0,8.5,,14.8,31.8,10.5,11.1,11.1,,0,19.8,22.7,32.2,,,9.9,21,26.5,35.8,40.8,12.3,0,19.8,25.8,9.1,0,32.4,6.5,10.9,,4.4,34,11.3,21.4,7.2,15.6,3,19.9,13.4,18.4,0,15.6,36,21.2,7.6,,8.1,33.2,17.1,19.4,16.2,,2.9,8.5,24.7,16.7,15.6,37.1,19.3,3.7,6.7,8.8,23.2,,0,patients,BeatAML,
BA2212D,12.6,9.8,10.1,27.4,8.1,,,12.6,17.9,8.9,11.8,7.2,25.8,0,40.2,15.4,2.2,11.8,13.2,,11.6,10.8,8,8.1,2.2,,6.6,10.5,3.1,18.3,,,14.8,26,5.3,12.7,21.4,10.1,0,15.2,20.7,5.1,0,10.3,2.8,0.1,,3.7,8.5,6.8,36.1,0,7.8,13.8,18.6,11.5,14,10.7,0.1,6.5,8,7.5,,3.8,30.9,10.7,37.9,12,,11.8,3.1,19.5,18.6,21.7,26.3,12.5,0,10.5,13.4,8.2,,9.1,patients,BeatAML,
BA2234D,3.5,16.9,20.6,23.2,5.3,,13.9,11.4,27.1,5.9,3.5,2.6,36.1,5.8,43.6,15.6,0,5.4,0,,3,5.1,21.1,0.4,0,,0,4.6,0,22.8,,,13.8,8.9,21.1,26.1,28.7,1.8,0,12.7,16,3.3,1.7,1.1,0,18.7,,1.1,35,0,19.7,0,9.1,29.4,9.5,25.6,13.4,11.8,6.5,18.9,14.2,0,,10.9,33.7,19.9,32.9,6.3,,5.1,0.3,28.7,23.7,12.6,11.9,15.8,0,1.2,10,0,,5.3,patients,BeatAML,
BA2261D,1,12.3,13.8,26.8,5,,11,12.5,20.5,7.9,16,0,19.6,0,41.5,13.9,2.5,9.3,0,,6.8,12,3,0,11.6,,0.6,0,11.7,20,,,18.8,21.9,1.8,13.2,20.9,7,0,23.1,18.6,9.3,0,2,1.5,0.2,,1,34.6,11.6,25.2,1.7,16,9.3,14.4,20.8,18.1,17.3,0.9,9.5,3.4,8.8,,5.4,38.3,16.7,34.1,7.8,,8.6,8.8,9.5,24.5,18,15.6,13.4,0,7.6,4.5,11.1,,0,patients,BeatAML,
BA2269D,9,2.6,6.4,34.1,0,,4.1,13.2,23.8,3.5,9,1.7,20.2,2,33.8,17.1,11.3,8.6,7,,1.8,4.3,2,1.3,11.9,,2.1,14,0,14.4,,,4.9,18,2.6,4.7,13.4,1.4,0,8,21.6,6.9,0,0,0,3.1,,3.3,25.1,2.7,17.7,6.3,17,3.8,16.3,19.1,4.6,20.2,2.5,0.6,8.1,3.6,,12.7,40,9.9,39.9,0.4,,0,0.2,8,17.9,11.7,15.6,13.3,0,6.5,5.8,0,,10.4,patients,BeatAML,
BA2272D,35.1,23.9,21.2,26,29,,29.9,24.6,37.1,8.7,23.2,25.4,45.4,0,43.6,23,12,16.8,25.8,,21.9,30.4,14.1,9.6,16.1,,12.7,28.7,17,34.5,,,23.9,30.5,15.4,29,39.9,11.1,1.5,30.4,40.2,21.7,3.2,28,14.7,2.8,,16.1,28.8,11.6,6.8,18.6,37.7,0,38.2,42.2,28.3,23.7,2.8,23.2,29.1,21.2,,11.8,36.8,32.1,33.7,23.1,,19.9,14.9,16.8,24.8,41.5,34.9,28.4,3.6,13.2,33.1,33.5,,28.3,patients,BeatAML,
BA2300D,16.4,6.8,0,24.6,5.3,,,21.9,25.5,11,14.4,6.7,36.7,0,30.4,23.6,0,1.5,5,,15.6,15.2,2.2,20.3,6.4,,0,10.1,12,20.5,,,10.1,24.5,7.2,12.6,30.1,10.5,0.2,0,27.1,8.3,0,18.5,2.4,0,,4.2,29,15.6,18.1,3.1,27.4,10.2,29.9,24.3,16.8,6.5,7.3,22.1,6.2,10.2,,17.3,29.9,15.1,23.9,25.7,,16.2,7.4,24.3,16.8,29.7,26.2,16.6,4.1,13.8,19.1,23.9,,10.4,patients,BeatAML,
BA2312D,15.4,7.1,15.4,26.5,16,,,16.4,29.9,8.5,16.4,13.8,30.8,1.7,30.6,12.1,1.8,9.1,0,,7.5,20.2,3.6,5.5,8.5,,3.5,13.5,47.1,32.8,,,16.7,33.8,2.8,21.3,25.2,5.1,0,19.2,26.7,11.5,0,16.6,4.5,7.9,,8.4,25.9,3.7,34.1,7.1,8.6,15.8,29.8,28.7,24.3,16.4,1.7,18,8.4,6.1,,2,31,18.5,32.6,10.5,,6.9,12.1,22.1,13,9.4,30,16.7,10.2,4.3,14.4,16,,6.5,patients,BeatAML,
BA2314D,7.5,5.2,13.3,24,22.5,,8.3,21.9,31.5,12.3,19.1,10.4,33.9,0,39.7,7.1,15.5,17.2,3.1,,7.3,20.7,5.6,9.3,0.3,,10.6,10.7,0,30.3,,,24.8,28.5,0.1,22.4,28.9,38.1,0,19.7,34.2,13.3,0,13.1,0.8,4.5,,2.2,38.7,2.8,37.2,0,33.4,21.6,38.2,34.7,22.5,29.3,0,17.6,12.2,13.5,,5.1,31.5,18.8,36.7,17.5,,14.1,2.9,27.8,22,17.7,10.2,17.3,0,3.5,15.1,24.5,,14.2,patients,BeatAML,
BA2363D,22.4,4.2,12.7,28.7,7,,,1.4,19.3,2.9,18.2,17.9,34.8,0,44.4,18.1,0,11.5,13.7,,13.5,22,5.1,14.4,16.2,,0,25,0,30.1,,,24.9,38.8,12.5,15.4,24.7,16.3,0.5,15.3,35.3,15.4,0.5,9.4,6,11.9,,9.1,23.5,2.5,25.4,2.3,29.5,22.8,27.5,32.3,25.5,30.7,0.2,19.6,17.2,18.4,,4,34.2,18.1,36.1,1,,15.9,9.1,21.1,20.8,28.8,0,25.8,12.6,9.9,9.6,19.1,,6,patients,BeatAML,
BA2369D,15,4.6,16.5,26.1,13,,,12.6,23.9,8.3,13,15.9,29.6,0,38.2,8.8,0.9,6,2.8,,9.7,16.1,0,12.4,14,,9.3,15.3,0,28.1,,,12.5,33.2,3.8,15.3,21.2,11.2,0,7.7,26.2,11.1,0,9.5,12,7.2,,3.3,17.1,5.6,31.5,1.4,23.4,12.3,22.9,21.3,19.6,6.7,0,11,6.2,12.8,,5.6,31.9,14.7,28.7,14.5,,9.5,1,21.1,17.5,15.8,28.7,19.9,11.5,9.8,12.6,23.6,,6.5,patients,BeatAML,
BA2385D,0.2,4.9,11.9,29.3,11.1,,19.5,19.6,20.3,15,5.4,11.6,18.6,0,42.3,17.2,0.6,0,0,,0.4,5.5,3.3,0.2,12.8,,2.2,10.2,0,23.6,,,3.2,13.3,6,11.2,16.3,5.3,0,12.5,8.6,0.8,4.1,9.3,2.3,0,,9.5,18.1,5.8,12.4,1.3,11.7,0,8.4,17.1,15.5,0,0,19.6,1.1,6.9,,5.7,39.5,18.6,33.2,0,,0,6.7,11.9,18.3,16.1,16.5,17.3,0,11.1,10.9,12.7,,0,patients,BeatAML,
BA2400D,21.7,2.8,18.6,26.7,10.3,,,9.6,21.1,13.5,14.9,17.1,22.2,0,16.3,12.3,1.5,2.1,0.3,,5.5,22.4,5.4,7.6,13.3,,0,16.1,0,29,,,11.7,36.7,11,20.6,0,6.4,0,19.8,32.3,6.8,0,20.8,3.1,10.2,,9.1,20.1,5.6,36.1,7.1,20.2,9.5,31.2,26.4,18,7.7,1.9,30,10.2,10.5,,6.7,36.4,19,22.8,8.7,,0,16.5,15.7,19.7,18.1,23.6,24.3,13.6,6.1,20.2,28.3,,0,patients,BeatAML,
BA2442D,12.6,15.2,12.5,22.5,12.8,,5.1,29.1,16,0.9,15.9,8.5,31.3,3.1,35.6,16.7,6.7,8.1,3,,4.5,21.9,6.9,0.6,0,,0,10.8,6.6,25.5,,,25,14.7,13.4,22.1,20.6,6.3,0,9.9,10.6,3.6,1.5,24.4,0,5.3,,0.8,26.5,9.3,11.4,5.1,14.8,12.7,17.5,9.6,12.5,13,2.1,40.3,4.6,5.4,,6.7,33.3,10.3,38,7.5,,7.2,6.8,17.6,13.2,15.9,16.9,14.6,0,4.8,13.4,12.7,,6.4,patients,BeatAML,
BA2469D,4.3,2.8,18.6,38.2,6.1,,,31.1,24.1,3,5.2,7,18.9,0,47.7,26.5,2,17.4,4.6,,0,4.1,0,0,17.9,,0.2,7.5,0,23.2,,,1.5,24.1,0,11.3,14.7,10.7,0,18.2,33.2,3.6,0,10.7,10.1,8.4,,3.3,24.9,4.8,0.4,0.4,20.3,3.3,12.1,0,28.2,2.8,0,40.5,0.2,5.3,,2.2,41.8,23.6,36.4,1,,0,2.2,12.9,29.3,31.1,13.7,22.9,15.7,2.9,17,11.4,,0,patients,BeatAML,
BA2477D,20.4,15.3,21.2,30.4,21.9,,,29.2,26.8,11.4,19.6,13,37.4,0,40.4,21.3,17.6,16.6,12.9,,10.5,28.9,11.2,22.4,13.8,,0,18.4,0,32.2,,,18,39.7,14,15.7,33.3,24.2,0,17,34.1,18.6,0,22.6,3.6,0.2,,4.1,22,15.2,26.3,7.6,31.4,30.3,33.6,29.1,19.4,23.7,0.6,16.2,13.6,13.6,,14.4,32.3,18.5,38,18.9,,22.8,6.9,35.5,22,32.8,37.2,24.8,0,13.9,26.7,24.3,,27.5,patients,BeatAML,
BA2570D,9.2,8.9,11.4,30.7,11.8,,8.7,23.3,23.6,2.9,7.9,15.4,25.1,0,44.3,16.2,2.8,12,6.8,,4.9,20.3,2,11.2,4.4,,7.2,14.3,9.1,29.1,,,15.3,27.3,13.1,18.9,11.4,8.4,0,18.4,34.1,11,0,4.3,2.3,0,,0,44.7,0,16.3,0,26.7,24.4,37.8,32,20.7,34.9,0.2,8.2,5,4.1,,5.3,40.7,17.1,43,0,,12.4,0,19.4,25.8,13.9,20.4,15.7,5.7,7.1,11.6,0,,15,patients,BeatAML,
BA2646D,14.3,3.3,21.1,28.3,6.1,,22.1,4.7,14.1,8.6,13,10.7,17.3,9.5,19.9,12.3,2.6,3,3.6,,0,12.1,2.2,5.6,3.7,,0.7,13.7,12.2,14.1,,,0.8,21.4,9.5,11.7,15.1,9.7,0,16.6,27.8,2.3,3.1,13.1,3.6,10.1,,7.6,18.8,4.3,4,0,7.9,9.7,11.8,13.1,16.5,0,1.1,43.9,5.1,7.4,,9.5,35.3,11.3,27,7.7,,0,7.4,18.6,19.2,11.2,14.1,14.5,6,4.2,7.1,13.4,,13.8,patients,BeatAML,
BA2659D,12.9,7.2,19.3,23.7,0,,,16.2,22,7.9,7.9,7.7,20.8,0,29.8,12.7,0,5.1,1.7,,7.5,4.6,1.6,2.9,14.5,,0.9,14.7,0,17.3,,,12.4,25.2,14.5,10.9,17.8,6.1,0,12.2,18.9,6.2,4,4.1,8.9,0,,1.8,3.6,4.7,17.9,2,12.8,15.6,3.3,11.3,14.1,15.3,0,21.7,6.6,1.6,,3,34.8,15.9,31.9,5.3,,0.3,6.1,18.4,16.8,11.2,19.3,16.7,9.2,5.4,0,12.7,,0,patients,BeatAML,
BA2758D,6.2,7.8,7.7,23.3,6,,8.4,8.9,0,4.3,14.9,11,6.8,0,33.6,15.2,1,11.9,4.8,,10,23.1,1.1,22.6,8.7,,12.2,26,0,27.8,,,22.8,15.1,4.5,6.8,30.1,5.7,29.2,2.8,16.4,10.5,0.2,11.1,0,0,,7.9,25,0,46.5,0,38.5,42.3,40.3,6.5,13.7,26.4,28.5,0,15.5,18.3,,23.9,24.7,0,23.6,20.3,,42.3,10.2,26.6,10.7,19.5,0,13.6,0,16.6,14,30.2,,13.3,patients,BeatAML,
BA2765D,4,6.7,19,26.6,13.7,,26.5,15.3,25.4,8.5,15.8,16,25.1,0,34.5,24.5,3.5,8.7,9.9,,17.9,23,3.6,11.2,2.2,,2.9,20.1,0,30,,,16.4,22.1,9.8,17.4,25.8,8.4,0,15.1,28.2,12.2,0,14.9,0,3.3,,3,26,8.5,12.1,0,31.8,7,35,23.2,22.6,12.3,0.1,8.6,10.7,7.7,,3.6,35.1,16.5,28.3,14.5,,12.6,5.1,20,20.6,11.6,24.9,14.5,5.5,20.8,17.7,24.6,,20.6,patients,BeatAML,
BA2801D,2.1,3.2,5.4,21.6,0.1,,,15.4,13.2,12.1,4.7,2,19.7,6,36.3,3.8,0,0,0,,0,1.2,3.7,4.5,0.7,,0,5.3,3.2,8.2,,,3.7,17.5,8,7.7,18.8,1.9,0.5,17.9,14.9,0.8,0,1.7,1.2,1.5,,4,22.5,1.3,27.6,2.8,0,14.9,12.7,5.6,11.8,1.7,0.1,8.4,3.2,0.6,,5.2,31.6,10.1,30.7,0,,0,1.8,19.4,15.6,5.4,17.5,0,0,7.9,4.3,0,,0,patients,BeatAML,
BA2809D,9.4,4.9,15.7,20.3,10.4,,,10.7,8.8,2.6,9.8,8.1,17.5,9.4,27.1,6.9,1.5,2,2,,0.2,11.8,3.9,2.8,5.9,,0,8.8,0,17.3,,,0,30.6,5.8,10.4,19,10.5,0,17,23.4,8.3,0,9.7,2.5,0,,2.3,28.2,2.6,25.6,4.9,13.6,3.6,19,9.5,20.6,0,1,36.8,1.5,12.1,,0,24.6,9.9,23.1,0.1,,0,3.3,10.8,15.7,17.5,21.2,12.3,6.9,6,12.2,17.9,,7.2,patients,BeatAML,
BA2838D,4,10.7,11.1,26,7.5,,5.3,21.2,13.4,8.6,9.8,10.4,17.5,5.3,39.4,15.3,2.3,6.9,3.9,,1,6,8.9,0.1,9.2,,1,10.7,1.2,17.6,,,1.2,11.5,12.2,12.2,17.6,0.7,0.2,16.3,11.5,3,0,7,2.5,4.5,,4.2,25.9,7.8,13.5,0,9.2,0,12.8,10.9,16.6,6.5,0,4.6,4.6,2.9,,3.9,36.9,13.3,32,0.1,,0,8.5,5.7,24.5,17.1,13.9,10.5,0,9.7,14.3,7.8,,2.6,patients,BeatAML,
BA2842D,12.2,8.9,15.4,30.2,12.9,,13.5,11.9,31,8.4,16.6,12.3,39,0.9,39.7,19.8,12,14.8,6.8,,10.1,21.3,0.9,10.4,20.4,,4,25,0,31.8,,,16.5,25.1,2.2,16.9,26.3,7.6,0,8.8,31.9,14,1.2,13.3,5.8,3.3,,5.7,30.3,6.6,32.1,0,31.9,9.9,37.1,34.2,12.8,22.2,1.6,4.3,7.4,17.9,,24.3,35.3,24.6,32.8,26,,23.9,3.5,31.3,18.1,25.4,17.5,19.6,1,15.8,17.3,32.5,,17.4,patients,BeatAML,
BA2891D,2.6,7.1,24.5,26.7,18.8,,12.1,13.1,34.8,7.8,19.5,14.1,26.8,0,42.6,22.3,1.4,14.8,3.4,,3.3,22.3,3.8,8.1,15.3,,6.1,18.2,2.3,30.4,,,,25.1,7.4,22.8,32.4,10.3,1.1,5.1,32,15.7,0,12.4,5.5,1.9,,4.3,30.3,7.1,25.7,1.2,37.6,24.6,35.3,34.2,18.3,26.5,1.2,3.2,4.2,19.5,,16.3,37.2,28.5,36.5,12.8,,25.4,7.1,24.1,22.9,10.9,31.5,21.8,2.7,10.1,19.1,33.4,,4,patients,BeatAML,
BA2903D,4.6,3,5,28.8,0,,,9.1,12.6,17.9,3.3,1.5,16.7,0,38.8,16.6,3.1,1.9,0,,2,1.6,1.4,0,19.7,,0,18,0,9.5,,,2.3,30.6,0.6,7.8,25.2,0,0.5,14.6,28.6,10.6,0,1.1,1.6,1.3,,6,25.9,0.4,22.1,2.5,20.7,10.9,43,16.4,18,30.6,0.8,11.3,6.2,1.9,,8.6,32.6,9.6,33.7,0,,0,2.9,28.7,13.5,0.3,13.5,0.7,0,9.6,0.3,0,,2,patients,BeatAML,
BA2904D,10,4.1,11.7,26,11.4,,13.6,26.8,29.3,15.5,18,9.7,37.5,10.6,42.9,9.6,14.9,15.3,7.1,,7.8,18.4,1.4,6.5,15.2,,7.7,12.2,0,31.7,,,20.3,27.6,0,19.6,26.7,6.7,0,15.3,33.8,15.8,0,9.8,0.4,2,,,32.2,4.4,25.9,0,26.3,20.3,40.4,31.9,23.6,29.7,1.1,26.3,12.2,12,,16.9,36.9,5.1,36.7,4,,16.2,2.9,23,20.1,8.8,16.9,20.9,8.1,7.8,20.9,14.8,,16.2,patients,BeatAML,
BA2967D,0.1,9.4,15,22.3,9.6,,15.8,24.8,18,13.9,14.7,16.1,18.4,1.8,30,10.8,0,9,13,,14,15,3.6,8.2,13.2,,6.6,20.3,16.2,25.1,,,11.4,21.8,12.1,14.4,10.3,6.6,0,16.2,21.6,12.1,7.4,2.4,8.9,8.4,,13,38.2,11.4,11.1,0.2,15.4,5.3,14.9,7.5,24.4,15.7,0,20.5,9.8,11,,7.2,30.2,16.9,24,9.6,,4.4,12.2,22.9,17.9,18.4,13.7,20,11.5,20.8,15.9,14.3,,0,patients,BeatAML,
BA2989D,3.8,7.1,14.9,22.9,7,,26.2,24.2,25.1,4.8,11.4,8.4,26.8,0,41.1,12,3.3,10,0.7,,3.3,13.4,0,4.2,1.5,,2.5,10.4,5.8,25.6,,,20,12.8,2.1,16.5,25.8,4.3,0,14.1,13.5,7.7,0,8.6,0.8,2.7,,1.7,33.6,3.2,31.4,1.7,19,17.1,18.7,12.7,13.5,14.4,0,8.6,5.8,3.7,,3,34.5,15.3,33.4,8.9,,7.8,0.9,21.2,17.3,9.2,22,13.5,1.7,2.2,11.5,16.6,,11.8,patients,BeatAML,
BA3009D,9.1,11.2,6.8,34.4,7.1,,9.1,24,17.7,3.3,6.7,5.8,27,7.5,29.4,19.3,2.3,6.5,10.7,,10.9,11.4,3.8,3.4,4.6,,1.1,11.8,0,14.2,,,6.5,19.7,5.6,15.4,19.2,0,0,16.6,24,16.5,3.1,6.5,1.4,5.6,,2.8,36.6,6.1,25.1,0,18.2,17.1,22.6,21.4,21.7,10.2,1.5,31.6,11.6,1.7,,1,35.9,14,31.3,20.7,,12.1,6.8,18.4,20.1,22.5,13,14.9,0,12.2,6.9,13.4,,14.2,patients,BeatAML,
BA3030D,4.6,11.1,7,26.7,0.3,,,15.2,11.1,15.2,2.7,8.4,19.8,4.6,18.8,2.5,0.8,0,0,,0,3.2,9.4,6.9,1.8,,1.1,6.4,0.1,9.6,,,3.1,23.4,10.5,2.7,18.2,2.5,0,19.4,26.5,3.2,0,2.4,2.3,2.1,,4.6,24,0,12.1,5.9,0.4,6.1,10.8,6.9,7.6,0,0.3,11.1,8.6,0,,2.3,32.4,3.4,27.3,5.4,,0,0.5,12.7,20.2,6,21,3.9,0,13.7,8,0,,0,patients,BeatAML,
BA3071D,19.4,27.4,32.7,32,24,,42.3,29.4,39.7,15.4,11.7,9.5,33.6,0,22.1,24.9,0,14.6,1.5,,18.8,19,5.1,3.4,32.8,,0,17,21.3,42,,,17.4,22,21.3,39.1,0,3.7,0,31.5,20.9,8.9,0,17.1,0,12.3,,6.4,42.1,18.3,23.4,19.4,0,17.1,25.4,23.7,26.2,12.4,2.2,28.4,14.4,9.9,,20.7,47,28.5,39.8,16.3,,0,14.5,27.6,31,16.8,33,18.9,16.6,2.5,11.6,10.5,,13.6,patients,BeatAML,
BA3076D,0,8.7,18.2,32.4,10.3,,25.7,20.6,28.2,9.1,8.8,9.2,28.9,0,40.9,18.1,1.8,7.4,2.8,,0,11.5,6,3.7,0.7,,2.8,13.4,12.8,14.6,,,11.1,25.7,6.2,15.7,26.7,5.8,0,19.5,28.6,12.9,0,9,7.5,9.8,,6.5,36.2,8.7,17.1,0.3,19.1,8.8,18.1,23.3,16.2,8.5,0.2,15.6,7.7,4.2,,9.7,38.6,16.6,33.4,5.3,,0,4.7,14.9,24,18.9,19.2,10.9,3.7,7,14.7,12.9,,0,patients,BeatAML,
BA2011D,10.1,7.6,26.4,26.8,18.8,,14.1,26.6,36.3,12.3,20.3,18.3,36.4,17.2,0,18.5,34.6,,4.1,,7,23.9,3.8,15.4,16.8,,10.2,18.1,0,41,,,30.2,25.4,5.5,27.1,36.4,8.6,1.3,21.6,34.2,22.2,0,27.1,2.9,5.2,,4.3,36.5,13,24.6,4,39.9,36.8,38.7,38.3,20.5,33.3,0,8.5,6.4,24.1,,6,36.8,23,35.3,20.7,,26.9,5.2,32.2,21.4,33.4,28.2,26.9,2.7,6.1,23.9,28.6,,27.2,patients,BeatAML,
BA2116D,3.3,5.5,5.8,21.8,0.9,,9.5,15.7,15.5,2.3,3.2,0.7,15.3,3.5,42.1,12.6,3.1,3.8,0.9,,0.8,3,5.3,0,1.9,,0,7.2,0,9.6,,,6.2,8.4,7.8,7.9,15.2,1.3,0,10.8,10.6,2.6,0.1,3.1,2.5,3.8,,0.9,7.7,2.7,11.5,2.8,4.1,10.2,0.2,0.5,16.9,0,0,10.4,0.3,0,,8.6,29.6,7.7,30.7,0.5,,0,1.8,14.9,15.3,9.9,17.6,5.8,0,7.8,4.5,1.2,,6.9,patients,BeatAML,
BA2135D,9,5.7,8.6,16.6,9.5,,13,11,18.2,5.9,11.5,6.1,23.3,0,37.3,16.3,1.9,0,3.9,,0,11.1,0.3,4.9,2.3,,0,12.2,1.1,18.2,,,11.1,26.6,2.4,10.5,13,4.7,0,14.8,32.6,3.8,0,8.7,0,3.7,,2.6,29.4,1.7,22.3,0,20.4,12.7,29.1,14.8,1.9,16.1,0.5,31.4,4.2,7.9,,0.4,21,6.3,23,6.4,,8.3,1.4,18.8,18.8,22.1,23,15.1,0,4.8,9.1,13.5,,10.1,patients,BeatAML,
BA2144D,9,7.7,19.7,30.7,20,,6.3,35.6,38.2,9,21.1,9.7,38.6,0,42.9,21.1,0,17,10.3,,12.8,26.1,6.8,12.1,5.7,,11.5,16.5,6.2,35.1,,,27.1,31.6,2.2,26.2,35.6,0,0,22.2,37.1,16.4,0,16.7,5.4,2.2,,2.5,35.8,5.8,26.3,3.8,38.9,32.8,38.7,38.1,31.3,35.2,1,7.4,14.6,14.1,,6.6,39.1,17.6,38.6,14.1,,9.1,2.6,26.8,18.1,21.4,24.7,24.9,0.7,8.9,22.5,33.5,,,patients,BeatAML,
BA2175D,0.3,8.2,10.5,25.4,0.3,,7.8,10.3,9.4,6.1,3.2,0,7.5,0,38.7,9.7,1.9,5.7,3,,2.6,2.3,14.6,0,3.5,,0,6.9,0,7.2,,,1.1,13.3,12.3,4.7,11.4,0,0,13,14.9,1,0,2.7,0.4,0.5,,1.8,44.6,3.6,15.8,0.2,0,0,3.7,0,11.8,0,2.6,7.4,5.6,3.8,,1.2,33.8,2.9,32.2,1.2,,0,1.3,4,22.1,13.4,0,7.9,0,6.5,7,1.9,,0,patients,BeatAML,
BA2180D,8.8,3.4,15.3,30.2,8.7,,11.2,27.1,36.5,17.5,16.3,15.3,23.7,0,43.2,6.3,1,14.9,0,0,1.8,18.8,1.6,2.5,4.3,,5.5,12.2,0,33.6,,,25.3,28.6,2.9,10.4,12.8,5.9,0,14.9,31,13,2.2,8.8,2.5,4.5,,2.2,37.7,6.6,17.7,3.2,28.3,0,37.6,32.2,17.3,28.8,0,10.2,10.8,16.9,,13.2,40.3,12.2,38.8,10.9,,17.3,1.6,,21.6,10.4,25.2,20.5,5.1,6.4,19.8,22.5,,0,patients,BeatAML,
BA2217D,2.3,5.6,13.4,4.6,7,,8.7,26.5,11.6,14.4,18,5.7,13.2,0,1.1,20,0,0,4.4,,10.4,12.8,7.1,5.7,4.4,,0,20,5.2,16.7,,,0,24.1,14.6,11.7,9,7.2,0.1,13.3,21.3,1.2,0,10.5,0,15.1,,11,28.9,19,16.7,4.3,13.4,0,12.1,12.1,8.9,0,0,41.2,9.2,11.8,,3.1,24.7,12.7,9.8,10.6,,0,0,10.9,16.3,21.3,11.9,9.4,0,17.3,13.8,4.9,,0,patients,BeatAML,
BA2218D,7.7,19.8,15,16.4,0,,4.5,33.6,13.8,14.6,16,1.9,7.8,8.9,14.6,7.4,0.9,0,0,,0,15.7,12.1,0,13,,0,16.9,0,18.7,,,0,9.8,10.2,12.9,0,0,0,13.1,17.1,0,6.7,5.3,0,12.8,,3,23.6,16.1,0,19.7,0,0,36,8.2,8.8,6.6,4.1,47.7,8.4,12.1,,0,31.3,0,,1.4,,0,10.8,7.6,10.7,38,0,12.9,22.6,2.8,5.7,6.5,,3.3,patients,BeatAML,
BA2284D,17.9,22,22.3,33.4,25.2,,34,38.6,19.3,15.3,23.2,13.1,29.6,7.9,33.7,25.8,19.8,,2.4,,12.6,33.2,10.1,6.1,14.9,,2.7,16.5,11,36.9,,,28.2,13.2,0,35.7,32.9,10.4,1.1,22.5,12.3,9.6,0,33.6,0.5,8.3,,11.9,35.2,19.6,22,18.6,23.7,17.6,24.4,8.8,24.9,7.7,6.4,40.9,15.3,9.5,,9,39.2,10.5,32.9,19,,13.2,14.4,21.5,18.6,18.2,37.2,23,1.4,4.1,13.5,21.5,,30.8,patients,BeatAML,
BA2379D,7.9,4.4,10.7,34.7,10.8,,9.7,,31,7.6,12.9,9.7,28.2,0.5,41.9,13.9,11.7,11.3,6.1,,7.3,9,4.5,7,5.4,,5.2,11.8,0,26,,,15.5,20.8,0,15.4,20,7.7,0.2,15,23.6,12.6,0.4,13.2,0.6,2.3,,3.6,35,5,35.9,3.8,32.4,12.8,36.7,25.7,13.2,13.5,2.5,6.9,6.2,15.7,,10.8,37.2,5.7,38.5,0,,0,0.9,9.2,13.4,16.3,20.5,17.7,0,10.4,16.7,21,,13.4,patients,BeatAML,
BA2414D,6.2,10.3,17.6,24.1,17.3,,11.8,33,18.3,10.8,18.1,12.6,23.7,0,38.3,20.7,0.8,12.6,4.9,,8.5,18.9,8.3,9.1,24.5,,1.7,15.6,7.2,22.6,,,15.7,25,13.8,20.4,15.7,11.9,0,17.4,20,9,6.9,18.5,0,10.1,,7.1,33.9,13.7,22.4,4.6,21.2,9.8,16.2,19.9,22,12,2.8,36.5,12.7,13.5,,0.7,31,12,36.7,25.7,,9.5,10.7,16,19.4,16.1,17.2,18.3,7.1,2.2,14.3,19.1,,8.2,patients,BeatAML,
BA2417D,6.7,3.5,6.8,30.8,0,,5.4,8.4,14.7,9.5,10.7,0.8,20.4,7.3,43.6,15,2.7,2,0,,0,8.1,1.6,0.1,3.4,,0,5.3,1.4,13.3,,,0.5,17.3,8.2,13.6,14.6,2.7,0,12.2,18.6,1.3,0,6.2,2.3,5.1,,0,18.6,6.1,30.8,10.2,2.5,0,0,10.9,16,0,2.4,23,8.3,0,,8.4,37.8,8.1,38.2,3.1,,0,0.5,13.3,18,7.7,12.9,8.3,1.6,0,5.8,6.2,,7.6,patients,BeatAML,
BA2450D,13.1,13.9,9.5,25.3,22.2,,18.8,28.1,13.6,18.2,7.2,0.6,23.4,0,38.4,15.8,25.2,7.8,0.4,,4.8,18.3,7.1,0,13.1,,0,16.9,6.3,31.3,,,17.2,10.9,1.3,38.6,36,3,0,20,8.7,10.3,0,14.7,0,7.7,,1.4,34.4,14.8,30.1,13.7,12,0,28.7,11,21.4,7.4,0.4,35.7,12.7,6.7,,1.2,32,0.4,36.3,3.7,,0.7,5.5,12.8,7.6,17.4,37.4,10.8,2.4,0.3,6.9,13.1,,19.9,patients,BeatAML,
BA2470D,4.4,10,7.9,20.7,3.3,,15.8,20,14.3,7.6,13.7,1.3,17,0,45.8,18.7,3.8,9.8,18.5,,15.2,3.2,10.2,0,2.4,,0,5.5,0,13.9,,,5.6,21.8,12.1,8.8,12.8,0,0.9,14.7,25.4,7.1,0,10.6,0.4,8.4,,0.2,34.3,3.5,32.1,1.3,0,3.2,36.2,0,18.4,31.6,0.9,26.3,19,0,,7.9,24.7,5.9,38,0.1,,0,1.8,,25.5,18,9,9.4,0,9,8.3,1.8,,9.9,patients,BeatAML,
BA2500D,5.7,5.6,0,22.2,0,,15.2,13.1,12.7,5.5,5.5,0,12.8,0,14.4,17,3.4,0,0.7,,0,3.4,7.2,0,1.6,,0,8.2,1.5,15.7,,,6.2,18.9,7.6,8.2,11.3,1.7,0,9.7,24,0,3,8.5,0,6,,3.6,21.7,5.1,8.4,6.5,7.2,2.3,0.4,8.2,0,9.1,0.4,43.4,2.2,1.2,,12.5,30.9,5.6,33.1,0.8,,0,1.3,9.2,17.4,14.9,13.3,11.1,7.2,3,0,5.5,,16.1,patients,BeatAML,
BA2507D,9.7,8.7,19.1,30.6,21.7,,13,19,27.7,8.2,16.8,11.7,34.6,0,17.1,21.3,17.5,7.9,18.4,,6.8,22.8,1.6,7.6,13,,4,18.6,0,32.8,,,22.8,19.9,3.6,21.3,24.4,6.1,0,15.6,35.7,16.2,0,19.9,1,1.3,,2.5,35.8,5.8,21.2,9.4,34.3,14.5,26.9,23.6,21.3,17.4,1,20.1,13.8,14.5,,5.8,,15.6,31,15.3,,9.5,1.9,18.8,15.3,27.5,25.2,23.7,2.4,4.3,20.5,27.3,,17.4,patients,BeatAML,
BA2547D,7.9,9.6,21,28.2,17.1,,10.8,20.7,33.7,14.4,17.7,19.1,37.8,0,34,24.9,1.1,14.4,9.2,,6.6,33.3,8.3,3.1,6.4,,6.8,12.1,9.4,39.4,,,16.9,31.5,15.1,23.5,29.4,3,0,24.1,39.7,9.9,0,18,7.4,10.4,,4.7,40.5,16.9,28.1,0,39.6,19.8,35.9,,29.1,21.2,0,20,13.5,8.1,,11,37.7,25.8,36.1,18.6,,18.8,6.2,27.6,29.6,36.7,27.3,28.5,1.7,14.9,0,29.4,,8.2,patients,BeatAML,
BA2577D,7.5,8.9,13.2,27.3,12.4,,2.1,26,22.9,6.4,13.6,12.3,13.1,0,43.3,23.6,2.9,15.9,6.5,,12.7,17,5,3.5,11.9,,0,15.5,2.8,23,,,15.9,25.9,3.2,23,25.3,4.9,0,16.5,29,5.4,2.4,15.9,2.6,3.3,,2,29.9,11.1,24.9,3.6,20.1,0,28.4,9.8,24.6,19,4.9,32,14.9,11.8,,1.9,34.3,6,31.8,11.8,,6,4.3,14.6,25.3,22.3,16.2,18.6,6.9,11.5,17.8,24.6,,10.9,patients,BeatAML,
BA2614D,9,11.6,20.5,30.9,18.8,,19.2,20.4,24.9,9,19.6,18.2,32.1,9.3,36.6,25.7,2.8,16.1,7,,9,27.8,6,9,18.6,,5.9,22.1,4.9,34.9,,,19.2,30.4,4.9,26.5,35.3,9.7,0,22.3,32.7,14.3,0,21.5,6.2,7.1,,,32.4,17.9,22.3,1.1,36.9,18.9,38.2,33.7,25.3,24.6,1.8,21.6,9.1,24.9,,4.8,37.7,22.4,39.7,11.8,,18.1,13,26.6,21.4,37.6,24,22.7,0,18.7,29.3,34.3,,14.7,patients,BeatAML,
BA2697D,27.1,9.4,16.1,32.3,16.4,,19.5,18.6,34,17.9,13.9,13.9,34.5,17,47.7,19.5,6.4,10.7,3.1,,8.4,26.4,9.9,4.8,13.3,,2.7,18,4.9,40.6,,,3.9,38.5,2.2,18.7,24.4,,0,23.6,43.2,19.3,0,15.1,7.5,8.5,,5.8,25.1,11.1,28.7,3,40.1,30.6,42.4,36.1,23.9,37.7,1.6,20.2,3.8,25.7,,8.4,39,25.4,29.9,8.1,,15.9,7.2,30.8,29.8,45.7,26.9,27.7,0,1.9,2.3,17.7,,26.3,patients,BeatAML,
BA2820D,12.9,7.4,18.4,27.9,11.8,,8.7,23.5,31.1,8.8,19.2,8.2,36.6,0,45.1,18.1,2.1,14,5.2,,12.1,24.3,0,5.7,14.8,,6.9,18.4,0.1,38.9,,,18.1,22.2,1.7,20.7,33.9,7.1,0,18.3,27.1,11.7,0.6,15.2,6.5,1.8,,5,30.2,4.2,20.9,2.5,35.9,20.9,33.7,31.1,19.5,28.1,0,11.4,6.8,17.6,,1.5,29.4,15.9,31.5,12.8,,13.3,2.6,25.1,19.1,33.4,18.9,24.2,4.8,12.3,23.6,27.8,,25.3,patients,BeatAML,
BA2830D,9.5,4.5,11.2,20.9,17.8,,35.2,27,22.9,14.2,21.8,14.4,32.7,10.1,37.3,18.2,23.6,18.6,2.8,,4.7,23.3,4.4,13.6,9.6,,9.5,13.5,0,37.2,,,28,13.7,5.6,28.2,21.6,8,0,13.2,22.9,11.7,5,27.1,4.9,7.5,,3.6,36.8,9.9,21.2,8.4,36.2,17.9,38.1,21,2.1,17.7,0.2,35.8,21.5,13.2,,1.5,27.1,9.3,37.6,20.6,,23.1,2.9,23.6,15.9,14,36.3,23.6,0,6.7,25.4,28.5,,18.7,patients,BeatAML,
BA2951D,11,4.7,7.2,31.8,9.9,,19.7,19,23.4,8.7,14,16.3,31.4,11,42.2,14.2,11,9.6,2.6,,5,9.9,0,10.6,2.4,,3.4,10.1,0,31,,,18,24.5,0.5,14.9,22.2,9.7,0,11.6,29.4,12.1,0,9.4,4.7,7,,3.4,30.5,0,32.5,3,35.3,10.8,33.9,27.1,22.5,12.1,3.1,18.4,16.4,12,,14.2,37.1,16.8,36.8,12.6,,16.5,0,21.7,16.6,8.2,24.4,17,0,13.1,19.5,24.5,,14.1,patients,BeatAML,
BA2971D,8.7,4,15.5,27.5,13.2,,22.5,23.4,36.8,11.3,13.6,17.2,36.9,0,44.6,20.1,5.2,13.1,6.4,0.3,5.8,13.3,1.2,8.3,12.4,,4.2,21.3,0,26.5,,,20.4,25.3,0,17.8,26.9,7.8,0,16.5,28.2,6.3,0,6.6,0.6,0.3,,5.3,37.9,4.1,17.4,3.3,23.6,18.1,36.3,25.8,23.9,26.1,0.2,0,11.8,15.5,,4.4,37.2,5.7,34.5,13.5,,16.2,4.8,23.8,23,19.9,25.6,16,0.3,13.5,13.1,20.5,,14,patients,BeatAML,
BA2984D,28.6,1.5,21.5,23.4,0,,12.7,35.9,25.3,8.2,16,10.2,18,2.8,,21.4,3.2,15.5,0,,0,8.6,17.6,7.7,5.3,,0,14.6,16,7.5,,,16.6,15.3,8.6,21.7,0,5.2,0,17.8,22.1,1.4,6.5,17.4,0,15.4,,8.4,29.6,0,17.8,35.9,0,0.1,9.5,20.4,21.1,0,8.4,37.8,8.4,6.6,,21.6,39,10.9,42.6,10,,0,2.2,12.7,17.7,26.1,17.9,20.5,7.8,6.8,0.1,14.5,,9.9,patients,BeatAML,
BA2994D,21.1,13.5,14.2,32.6,17.9,,20,28.2,16.6,10.4,7.9,6,27.3,4.1,39.7,18,33.1,6.4,2.6,,9.6,18.8,4.8,0,11.6,,0,16.5,9.1,32.1,,,13.8,16.2,7.1,35.1,35.3,3,0,15.1,16.3,11.2,0.5,14.3,0,13.3,,3.6,31.3,10.2,19.4,23.9,0,1.9,26.7,11.9,22.2,12,1.5,38.2,15.2,7.6,,0,38.1,0,40.4,9.2,,0.3,11,11.2,11.4,5.3,35.7,14,1.5,1.4,9.2,8.7,,29.1,patients,BeatAML,
BA3036D,8.3,6.2,15.2,23.3,10.3,,12.8,39.5,29.1,10.8,15.4,0.9,23.3,0,38,8.1,0,12,0.1,0,0,11.1,5.5,4.8,6.9,,1.9,10.4,20.1,8.8,,,17.7,20.5,4.1,17.3,18.2,14,3.2,16.1,12.9,7.3,10.6,12.4,0,19.4,,3.2,30.4,8,11.3,15.5,10.9,6.3,16.4,14.6,28,11.9,2.1,35.7,17.8,5.8,,3.6,36.2,0,32.7,8.6,,5.6,4.6,21.7,16.1,17.7,20.5,17.3,1.7,5.4,5.1,12.6,,0,patients,BeatAML,
BA3077D,0,9.7,0,25.2,4.7,,5.8,4.3,25.8,6.7,12.3,0,34,,43.8,14.3,0,7,0,,0,11.7,7.8,0,0.2,,0,8.4,0,23.6,,,14.4,28.6,16.2,13.6,16.1,0.4,0,13.6,35.8,0,0,8.9,3.8,9.6,,0.8,18.2,0,30.2,0,0,33.5,47.5,30.7,14.1,40.6,0,6,6.7,3.7,,11.7,32.5,18.5,36.2,0,,0,0,25.7,29.9,15.5,21.1,0.6,0,7.7,14.8,0,,0,patients,BeatAML,
BA3164D,7.7,24,16.2,21.8,34.2,,28.1,39.5,23.1,16,30.5,3.7,31.8,0,43.1,19.1,38.9,10.9,3.7,24,14,47.6,8.6,2.5,20.3,,2.8,22,3.7,44.8,,,43.7,7.8,17.3,46.9,46.5,5.6,0,23,5.3,15.9,2.7,16.8,0,9.5,,4.6,32,15.4,14.4,10.1,16.9,5.5,29.6,0.5,21.6,9.7,2,42.6,20.9,15.4,,3.7,29.5,2.5,33.4,10.8,,10.4,10.4,18.5,14.1,8.2,45.2,20,1.3,2.3,11.9,21.1,,38.6,patients,BeatAML,
BA3192D,6.9,19.3,12.3,25.7,16.9,,5.6,25.2,26.1,9.8,19.6,10.9,38.3,13.7,24.7,33.2,28,8.4,4.4,0.9,1.5,22.2,11.9,5.2,6.3,,6,12.9,3.6,28.3,,,10.8,28.4,14.2,29.6,31.3,9.8,0,14.8,32.1,13.1,0,31.9,0,13.6,,6.1,38.8,15.7,7,10.1,32.3,6.3,25.7,16.2,19.6,3.9,0.8,44.5,20.4,17.6,,14.5,34,18.9,30.9,13.4,,10.3,7.3,16.3,30.6,17,23.6,21.2,0,0,20.7,21.1,,35.1,patients,BeatAML,
BA3212D,12.4,1.1,1.4,21.1,0,,10.6,15.4,26.4,1.1,6.5,0,32.5,3.9,45.1,7.2,0.3,5.7,14.8,0.5,9.3,0.3,1.6,0,0,,0,0.5,0,3.7,,,4.8,21.9,0,1.1,10.2,4.1,6.5,8.7,25.2,0.2,0,3.7,0.1,0,,0,33.6,0,11.8,14.6,0,19.4,46.4,20.1,10.9,33.4,0,7.1,28,0,,18.5,29.3,2.2,31.5,0,,6.5,0.4,23,21,20.8,0,0,2.6,8.3,0,0,,5.4,patients,BeatAML,
BA3251D,16.7,15.5,13.6,28.3,15.7,,9.6,27.5,24.5,6,16.1,14.3,27.2,0,43.7,21.3,13.3,11.1,12.6,0,6.6,27,8.7,7.6,15.2,,9.2,12.9,0,34.6,,,26.2,27,18.1,24.6,30.1,20.9,5.2,11.7,33.3,11.4,9.6,18.1,5.4,8.2,,3,23.7,15.8,11,7.8,26.3,20.7,28.3,27,22.9,30.2,0.7,23.6,10.6,18.4,,17.8,36.7,22,31.4,11.1,,23.3,13.8,26.8,25,24.8,24,25,0,7.4,22.1,22.5,,13.5,patients,BeatAML,
BA3286D,21.4,17.2,16.7,21.1,0,,5.2,1,13.3,13.2,23.3,11.6,27.7,17.7,40.4,19,0,10.1,2.6,0,8.8,21.5,6.2,9.6,13.3,,6.5,10.1,0.4,36.7,,,18.5,14,14.3,24.3,27.5,13.9,0,17.4,4.7,12.5,0,21.9,0.3,7,,0.6,34.1,10.9,9.9,14.1,25.6,10.8,26.2,13.9,14.7,0,1.2,14.3,17.4,13.1,,2.1,40.6,0,32.9,18.5,,12.4,6.6,23.4,2.9,28.4,0,26.2,0,0,11.9,13.5,,15.3,patients,BeatAML,
BA3306D,18.7,32.2,13.3,28.8,36.6,,28.9,30.8,24.7,13.9,31.5,6.1,28.6,0,25.5,27.5,24.7,8.3,5.2,4.1,12.2,40.5,10.7,5.6,17,,0,24.1,15.1,42.6,,,28.3,15,28.9,40.9,44.7,8.5,1.5,24.8,14.3,10.4,0.5,38.9,0,22.4,,3.7,36.2,10.6,23.4,14,25.9,7.8,28.8,12.8,21.9,6.6,7.5,39.6,16.8,8,,12.6,37.2,19.1,31.2,17,,0,11.3,21.9,24.1,17.2,42.3,36,6.4,3.3,14.8,27.3,,17.2,patients,BeatAML,
BA3362D,1.7,21.9,9,29.2,23.5,,27.6,13.5,26.8,11.3,12.9,12.2,31.3,14.2,41.3,16.9,19.1,9,0,0,7.5,30,0.2,0,10.6,,1.1,12.3,0,35.3,,,22.8,13.9,14.9,35.9,34.2,5.2,0.8,15.2,17,5.6,3.5,25.8,2.6,14.6,,2.3,26.9,7,9,4.3,6.2,11.3,8.1,18.3,11.9,4.9,0,24.5,10.3,1.1,,11,35.9,25.6,35.4,6.1,,0,6.4,27.3,17.1,0,34.4,14.6,0,3.2,9.7,9.9,,29.9,patients,BeatAML,
BA3400D,5.4,9.1,2.8,32.4,5,,7,7.6,12.7,4.1,8,7.7,14.5,0,30.9,9.7,4.9,2.9,0.4,2.3,2.5,11.9,3.8,1.2,1.9,,0,6.9,13.1,20.2,,,18.3,11.5,3.7,16,15.6,3.2,0,10.4,14.6,3,0,6.8,0,27.2,,3.8,28.8,5.2,22.7,8.1,0,1.5,11.2,7.5,24.7,0.1,2.3,40.9,1.8,3.1,,15.2,34.7,6.9,30.7,5.5,,0,3.7,11.9,11.8,9.5,21.2,7.4,0,0.8,4.7,6.8,,6.5,patients,BeatAML,
BA3411D,10.1,9.2,0.9,24.4,1.8,,7.9,13.6,17.9,9.6,12.6,6.7,25.1,0,45.6,15.9,0,4.6,7.5,0.1,3.5,9.2,6.6,1.6,3,,0.6,10.9,0,14,,,5.5,16.1,0,15.9,18,5,0,13,18.3,3.5,0,6.6,1.4,3.2,,2.9,32.5,0.5,11.7,2.2,11.6,6,10.7,20.4,17.1,0.3,0,8.2,7.1,7.7,,0,31.9,10.3,28.4,7.8,,0,4.8,16.5,17.5,18.3,10.2,13.9,0,10.9,4.3,3.3,,5.2,patients,BeatAML,
BA3078D,3.4,5.7,28.9,38.1,12.4,0,18.9,43.7,28.7,6.3,19.8,19.6,31.7,15.5,0,12.3,0,4.3,8,0,20,17.3,5.1,23.5,18.8,5.3,0.5,27.8,19.4,27.7,24.3,0,1.4,27.9,20.3,19.1,31.3,28.9,0,18.3,18.1,31.6,23.8,,23.8,25.3,3.4,17.3,40.9,4.8,21.2,7.5,14.5,0,18.2,17.9,32.5,0,1.2,39.5,21.2,8.2,26,0.1,33.9,12.4,14.1,,7.2,0,3.9,27.3,28.6,11.5,23.3,23.3,18.7,2.3,15.6,41.7,18.5,29.4,patients,BeatAML,
BA3094D,13.6,0.6,8.8,29.1,0,1.4,,33.8,41.1,14.7,20.9,11.4,38.7,0,25.2,13.5,1.9,7.1,0,0,0.3,12.4,3.5,0,7.4,,0,16.3,0,28.9,,,22.7,34.2,7.3,17.3,14.2,0,0,17.7,35,4.1,0,8.5,26.7,7.5,10.8,0,45.4,0,26.7,4.2,0,11.7,34.1,39.6,22.1,38,1.8,28.1,32.9,0,,11.9,39.5,13.4,37.7,0,,0,5.6,30.4,24.8,13.8,25.2,13.7,10.8,1.1,11,0,23.6,11,patients,BeatAML,
BA3177D,15.7,6,14.2,33.2,20.6,0,25.3,19.4,41.5,16.5,23.5,,40,7.9,47.1,11.7,19.6,13.9,0,0,6.6,33.8,0,11.6,10.9,,7.1,13.8,0,45,,,33,32.6,2,25.2,37.6,13.3,1.9,20.5,37.8,12.6,3.4,25.6,2,5.1,8.6,5.8,33.9,1.1,37.3,2.9,43.7,30.5,45.7,39.6,6.6,16.5,3.4,22.7,23.2,16.6,,18.5,39.4,27.1,38.9,36.9,,35.6,4.6,34.1,21.9,22,27.9,22.6,0,7.3,26.2,33.5,44.9,22.4,patients,BeatAML,
BA3182D,22,14.4,21,25.4,6.2,0,14,8.5,26,17.1,19.4,22.9,35.8,5.4,46.8,28.4,0,16.7,11.8,0,7.4,16.9,5,32,24.5,,3.7,24,15.7,31,29,0,25.3,16.7,13.1,20.4,31.8,6.2,0.5,11.4,24.2,13.9,,19.1,6,7.6,4.5,12,32.9,0,34.1,0.9,38.8,0,41.6,29.1,29.2,34.2,0,11.9,12.5,15.6,28.8,19.2,27.8,27.2,26.9,21.8,12.2,13.3,,22.8,20.9,32.8,25.4,23,0,18.9,24.4,28.1,4.1,22.5,patients,BeatAML,
BA3183D,8.1,0,14.4,28.3,2.6,0,10.2,28.8,21.5,12.2,13.5,14.1,23.4,3.9,47.3,10.4,0,7.1,,0,12,8.6,3.7,4.8,13.9,,0,10.5,0,16,,,6.4,26.1,5.9,18.5,17.2,6.4,0,11.3,29.3,10.1,0,9.9,9.7,6.8,13.1,,26,4.1,27.2,4.4,0,10.9,17.6,12.6,19.7,13.9,0.5,29.6,16.7,4.9,,7.7,38.2,6.2,36.3,3,,0,1.9,17.8,18.5,12.9,18.9,21.1,6.1,6.4,4.9,6.3,27.1,0,patients,BeatAML,
BA3189D,5.9,20.4,,23.1,0,0,20.6,30.3,17.2,13.3,11.8,0.1,16.8,0,,24.9,0.6,0,4.6,0.1,0,9.2,8.5,3.2,12.4,,0,14.8,12.3,15.8,,,11.9,10.8,17.8,19.4,24.3,11.1,0,21.4,4.8,5.5,9.8,20.1,0.1,8.2,0,8,31.4,15.5,4.5,11.3,10.4,5.2,13.5,0,23,0,4.7,47.7,8.5,3.2,,6.1,38,15.5,34,9.3,,0,4.8,13,22.9,20.8,24.1,10.5,9.2,0.9,9,8.4,18.3,0,patients,BeatAML,
BA3203D,10.4,5.4,8,25.4,5.5,,14.7,15.5,14.4,7.4,7.2,4.2,15.6,0,36.2,13.9,0,7.8,0.9,0,0,6.8,3.3,0,5.6,,1,4.2,3.9,16.1,,,1.3,19.3,0.4,7.4,18.4,0,0,14.5,20.3,5.2,0,6.1,2.6,0,,2,27.7,5.4,5.1,4.8,8.9,7,8.6,9,17.4,6,0,13.3,1.2,1.6,,0,33.4,10.1,30.9,2.8,,0,4.3,11,18.6,20.2,0,12.6,0.5,7.5,4.7,8.7,,6.2,patients,BeatAML,
BA3204D,12.3,8.2,22.2,19.8,0,0,10.9,16.9,34.4,6.4,17.2,17.2,24.7,2.2,23.3,23,1.3,3.4,,0.4,2,14.9,9.4,3.3,7.9,,0,14.9,0,29.4,,,2.9,20.1,9.6,8.8,21.8,7,0,15.8,19,1.8,2.7,12.4,2.8,2.8,3.8,6.9,23.8,16.4,20,10,18.6,3.9,19.7,25.1,16.1,0,0,16,3.4,9.7,,0,32.7,16.3,23.4,4.9,,0,7.7,,24.7,24.6,19.9,21.9,10.9,8.8,19.6,15.2,20.2,12,patients,BeatAML,
BA3205D,19.3,8.2,14.1,29.7,8,0,19.8,29.3,37.6,9.9,13.7,14.5,25.4,0,45.8,29.4,16.2,10.1,21.7,0,19,12.8,5.4,0,2.1,,0,11.4,12.3,23.2,,,7.5,29.4,2.7,22.7,36.8,4.7,0,21.9,32.6,12.4,0,15.1,3.2,1.9,,6.3,40.2,0,25.3,9.9,24,31.1,41,41.6,30.9,31,5,20.9,21,0,,12.5,39.5,20.4,39.3,0,,7.6,1.5,12.8,30.6,26.5,14,21.9,12.8,15.6,23,24.5,24.7,19.8,patients,BeatAML,
BA3213D,18.1,17.7,11.7,22.7,19.9,0,25.2,14.7,37.3,7.5,19.8,19.7,42.1,0,46.2,18.7,,0,6.4,0,16.8,27,0,5,15.6,,15.9,22.2,13,39.7,,,29.7,,4.3,22,30,21,0,11,32.1,19.7,0,14.9,7.4,0,4,0,32.5,9.3,36.9,8,37.9,33.6,33.7,38.8,13,26.9,0,0,12.3,17.2,,2.3,34.9,24.8,37.6,19.4,,34.6,7.2,25.9,19.1,19.9,27.5,21.7,0,10.6,23.6,32.6,26.1,42.7,patients,BeatAML,
BA3214D,10.3,4.6,4.4,19.6,3.7,0.6,26.6,17.7,34.7,7.4,12.9,0,33.8,3.6,38.9,1.5,1.4,9.2,0,0,0,5.5,4.5,0,0,,0,6.3,0,9,,,2,26.5,2.4,12.4,4.4,0,0,16.1,32,0.9,0,6.4,1.4,0.1,41.1,4.7,40.7,0,23.1,0,0,15.8,44.8,21.6,21.5,19.8,0,8.1,23.7,0,,1.3,30.5,14,31.6,0,,0,0,18.8,23.3,0,0,2.9,0,6.8,0,0,47.7,3.7,patients,BeatAML,
BA3228D,13.9,12.8,11.5,19.4,18.9,2.3,18.4,25.9,14.7,9.5,26,14.1,35.8,0,39.7,18.1,15.4,0,12.7,0,9.5,35.4,2,9.4,14.4,,0,13.3,0,41.3,,,36.7,9.9,17.8,26,14.4,14.1,0.2,9.4,19.8,9,14.9,21.8,0.4,1.9,15.2,0,35.3,15.4,17.3,2.4,33.3,3.5,34.9,23.2,16,26.2,0.3,6.4,21.8,16.3,,3.6,31.3,15.8,34.8,20.8,,28.2,12.7,30.9,16.3,16,33.8,18.9,1.3,18.4,18.7,21.8,37.3,19.6,patients,BeatAML,
BA3250D,0,1.2,0.5,24.3,0,0,3.8,4.9,22.7,4.7,6,1.2,25.1,19.4,41.8,10.9,6,0,0.8,0,0.8,5,0,0,1.1,,0,10.3,0,13.1,,,8.7,12.3,0.1,3.1,4.8,0.3,0,2.6,28.8,2.2,0,5,0.9,0,2.7,1.6,24.9,0,27.9,0.8,8.8,0.9,38.9,21.6,0.1,18.7,0,0,22,0.2,,19.3,33.4,0,36.1,0,,0,0,3.7,13.8,2.3,12.4,2.1,1.2,1.5,4.8,10.2,11.8,12.6,patients,BeatAML,
BA3258D,17.9,2.2,11,25.8,2.5,3.3,10.6,25.8,25.5,2.4,15.9,3.6,42.7,0,47.7,18.4,1.9,27.5,8.4,0,5.7,17.2,1.5,2.5,14.3,0,8.2,17.8,4,26.7,37.2,0,24.4,27.1,4.5,13.7,33.9,8.1,2.7,16.2,33.5,6,0,11.3,10,22.7,18.3,4,30.5,4.1,12.7,9.7,13.3,38.3,38.2,34.3,,33.5,0,0,27.2,9,40.2,3.8,36.3,18.7,30.9,2.2,0.6,,3.4,31,44.2,39.2,13.7,25.5,0,0.2,5.4,11.3,29.1,47.7,patients,BeatAML,
BA3260D,13.9,0.9,3.1,32.2,0.2,0,7,25.6,15.2,10.2,16.7,7.4,22.1,0,47.7,6.4,2.5,8.9,9.4,0,13.7,4.3,2.1,0,38.6,0,4.5,8.1,0,16.9,43.2,0,14,17.6,15.4,12.4,13.5,0,0,18.1,15.3,10.1,17.3,11.8,0.4,21.1,8.5,9.9,35.4,9.5,24.5,3.8,0,0,30.1,21.4,18.3,37.9,1.2,0,10.5,0.3,37.1,19.1,35.7,0,36.7,8.5,6.5,0,0,6.8,7.2,26.5,10.2,12.9,0,7.8,16,5.9,20,10,patients,BeatAML,
BA3264D,8.2,24.2,23,25.8,23.1,14.9,15.1,26.1,24.3,16.6,29.9,9.8,18.2,12.2,12,20.5,19.8,6.1,3.3,8.1,9.4,28.5,9.2,5.6,17.2,,0.8,26.8,32.8,34.2,,,23.3,23.6,26.1,27.8,20.5,6.6,0,22.8,18.9,9.2,10.4,31.3,3.7,8.3,17.5,6,33.9,13.4,28.2,12.9,11.4,7.6,25.5,21.1,23.4,1.7,3.4,41.6,27.9,14.5,,10.4,35.2,17.1,27.5,12.4,,12.7,7.8,19.4,21.5,15.5,30.6,25.6,11.3,2.4,15.1,23.1,23.7,36.3,patients,BeatAML,
BA3270D,22,5.8,13.1,30.7,9,0,25.9,23,30.5,13.1,0,16,37.6,0,47.3,16.3,1.8,0.1,6.3,0,6,20.4,1.2,5.3,3.3,,13.9,14.7,3.2,32.6,,,21.3,8.9,5.9,18.9,30.3,9.2,0,16.3,30.9,13.3,6.8,13.4,4,3.1,1.4,0,35.3,9.2,29.9,4.4,28.1,31.7,28.8,35.1,5.9,15.1,0.7,2.6,18.3,15.3,,4.6,40.2,16,36.9,10.9,,14.8,7.1,22.2,19.5,31.2,19.7,22.4,0,14.1,15.1,17.8,34,7,patients,BeatAML,
BA3283D,18.3,7.7,14.9,29.9,13,0,12.5,30.6,29.2,11.6,16.7,8.9,28.1,6.8,47.6,18.6,23,32.3,10,0,5.7,11.6,4.7,5,17.7,0,8,22.7,0,27.6,29.8,0,32.8,30.4,2.8,17.5,34.8,16.3,0.2,23,38.6,16.2,0,17.3,4.3,15,3.1,8.4,29.3,12.4,29.6,9.3,32.4,46.1,44.7,33,23.4,43.7,0.8,8.5,19.4,14.1,31.6,29.7,43.7,17.8,37.9,14.9,,18.5,9.9,30.2,23.7,31.3,16.7,20.5,0,9.7,18.9,30.3,19.6,20.6,patients,BeatAML,
BA3290D,4.1,0,23.7,27.7,4.1,0,8.7,22,24.3,10.1,8.7,8.6,19.5,0,41.1,28.4,7.2,12.8,0.4,0,0.1,5.8,0,2,10.5,,0.9,13.2,0,13.5,,,6.9,14.3,5,15,17.4,3.8,0,41.9,16.4,4.2,1.6,3.7,0.8,4.4,4.6,2.7,22.7,3.1,25.6,11.1,21.3,10.7,3.8,12.5,13.3,6.5,10.3,12.5,5.9,6.1,,0,39.4,,3.7,5.3,,0,1.8,9.9,23.4,29.5,33,11,0,6.4,8.7,9,28.9,26.7,patients,BeatAML,
BA3293D,10.9,28.9,,22.9,37.5,0.5,31.6,32.5,19.5,11.9,33.3,4.5,30.2,6.4,40.1,25.4,42.7,9.9,3.9,0,10.8,42,6,0.4,18.8,,0,24.5,0,42,,,40,5.8,26.6,42.9,42.6,13,0,18.4,22.3,10.3,0,43,0,8,5.2,4.1,41.3,12.2,26.8,15,16.5,17.4,30.6,8.6,22.1,9.1,3.7,39.7,20.9,7.1,,2.2,32.1,15.2,38.7,17,,11.3,7.6,17.3,43.8,23.8,44.4,24.1,0,4.6,12.8,18.3,29.3,42.8,patients,BeatAML,
BA3295D,7.1,4.4,10.3,27.2,4,0,5.5,26.8,28.2,2.8,13.1,17.4,30.8,0,46.3,14.4,2.3,14.9,7.3,0,15,10.5,3.2,0,,0,3.9,17.5,0,25,22.9,0.1,14.1,27.8,16.3,9.2,12.3,0.5,9.5,14.8,34.4,9.6,0,14.7,18.9,15.3,2.7,0,31.5,0,25.3,6.8,6.4,26,45,34.2,22.7,42.1,0,3.4,16.8,8.2,20.3,11.6,36.4,12.4,36.7,0,0,0,0,8.5,22.1,23.8,15.5,13,11,11.6,11.9,0.4,30.9,10.3,patients,BeatAML,
BA3305D,3.1,6.5,6.6,26.2,6.4,0,18.2,23.2,41.5,9.8,11.5,4.2,32.8,0,39.5,7,0,14.3,0,8.1,9.4,4.4,6.1,0,1.1,,3.7,6.2,0,16.2,,,16.9,24.9,5.5,9.9,10.7,4.8,0,14.8,29.1,3.7,0,4.9,0,2.9,10.9,1.3,32.4,0,16.7,1,0,21.4,25.5,29,19.1,26.5,0.1,20.2,17.5,5.6,,7.8,38.6,20,36,0,,0,0,30.2,18.9,0,15.7,0,0.1,5.3,0,10.6,33.5,1.7,patients,BeatAML,
BA3319D,25.4,11.7,13.5,,12.8,2.3,0,20.4,41.7,18.2,20.9,7,36.4,0,47.7,28,20.4,18,12.9,0,8,23.9,5.8,4.8,33.8,,,32.3,0,26.2,,,16.9,36.2,3.1,16.7,30.8,9.7,0,17.4,39.9,14.7,1.5,16.2,3.5,0,2.2,13.4,33.3,3.7,40.6,11.1,19,38.2,45.9,41.3,26.1,38.4,0,2,11.5,8.6,,9.6,37.5,12,37.6,9.5,,21.6,0,26.9,23.9,33.8,23.8,13.8,0,10.1,27.6,25.5,32.1,20.2,patients,BeatAML,
BA3326D,8.7,4.9,7.1,22.8,6.8,1.6,12.3,24.4,34.1,2.1,14.4,2.2,37.6,0,46.7,15.6,3.2,0,,1.3,11.3,14,0,4.4,2.3,,5.6,20.1,0,33.8,,,18.4,34.8,5.9,16.8,16.2,5.9,0.2,7.5,34.8,0,0,0,2,6.4,3.1,4.2,32.1,1.4,20.2,3.9,13.2,22.7,38.5,35.3,16.2,38.4,0.8,11.4,15.4,0,,6.9,36.5,20.5,39.8,0,,,6.7,30.2,19.6,9.6,11.3,13.6,8.8,11.4,9.6,0,29.3,9.1,patients,BeatAML,
BA3328D,19.4,4.3,24.1,29.1,16.6,0,15.5,29.3,31.5,15.6,22.8,9.5,32.2,12.2,39.8,19.5,0.9,4.7,0.8,0,9.3,14.5,9,5.2,14.9,,2.1,13.4,8.3,,,,10.5,24.6,10,27.1,33.2,8.1,0,1.7,25.4,9.5,0,6.6,6.2,14.1,4.4,6.5,37.4,4.7,16.9,7.7,14.5,15,1.9,31.6,25.6,7.5,0.7,29.2,13.5,12.2,,7.1,39.6,22.7,22.7,9,,0.8,14.3,29.1,23.7,11.4,16.1,27.3,0,8.2,13,11.5,15.7,11.4,patients,BeatAML,
BA3333D,2.7,4.9,9.3,26.4,5.9,23.7,27.5,25.5,32.8,3.2,12.5,6.2,31.8,2.6,41.2,15.7,1.3,8.6,3,0,1.4,18,3.1,1.2,13.5,,0,10.2,6.8,32.3,,,18.6,15.4,2.5,15.6,24.3,13.9,0,10.2,27.6,5.5,0,9.6,1.3,8.1,11.5,3.4,35.4,2.8,28.2,4.3,0,6.7,12.3,11.5,19.3,6.5,0,36.8,15.5,1.3,,7.7,35.8,11.8,35.9,6.1,,0,2.6,21.3,20,7,23.3,20,0,2.6,3.8,12.9,16.6,9,patients,BeatAML,
BA3367D,5.9,5,7.8,26.6,13.3,0,15.3,33.3,27.1,14.8,21.3,22.7,28.4,1.4,44.5,10.1,2.8,24.3,0.5,0,0,23.1,15.5,17.4,3.9,,8,23.2,9.1,26.8,,,24.5,11,9.4,20.2,23.1,11.4,0,6.2,18.1,2.8,0,20,4.8,0,8.7,1,31.9,4.2,22.5,2.6,13.5,14.4,2.4,12.1,6.2,5.2,2,6.6,9.4,6,,8.9,35.2,10.9,35.8,15.3,,25.1,4.9,20.8,14.4,12.6,29.3,22.9,0,3.7,27.7,21.3,35.5,9.8,patients,BeatAML,
BA3369D,20.2,1,5.9,28.8,1.3,0,4.7,11.5,28.5,4.3,13.2,0.6,29.9,0,44.5,7.1,11.3,12.3,3.2,0,1.7,10.6,3.4,0.1,21.3,0,3.9,14.6,0,30.5,28.6,0,16.1,24.9,3.7,8.2,13.5,4.8,0,9.9,33,3.9,3.1,10.4,0.3,0,4.4,0.3,26.2,0,31.4,0.6,15.5,38.6,44.7,22.2,23.5,38.2,0,1,17.2,0.4,29,22.5,31,0.8,33.3,4.6,0,20.9,0,9.5,17.1,28.9,12.7,16.4,0,0.9,16.7,12.8,17.8,11.4,patients,BeatAML,
BA3381D,15.6,0.7,9.9,25,0.8,1.3,16.1,7.4,21.4,10,1.9,0,25.7,0,43.9,10,0,4.4,1.3,0,7.1,11.7,0,7,11.2,,4,14.5,2.5,26.7,,,10.4,18.5,0,12,15.2,5.8,0.2,12.9,25.9,7.8,0.1,9.9,7,9.3,8.5,0,29.3,2.3,23.3,3.7,15.1,11.2,26.4,18.8,18.3,14.7,1.5,2.3,14.6,17.4,,0,38,12.6,31,6.6,,20.7,3.6,17.7,17,18.4,0,15,11.1,11.7,12,10.4,18.9,0,patients,BeatAML,
BA3386D,1.8,9.6,23,37.2,19.4,11.6,21.2,33.3,21.1,11,18.8,5.9,27.9,6.7,41.2,16.1,17.6,14.2,3.6,0,12.3,22.3,4.1,7.7,14.6,20.5,13.2,19.8,10.5,28.9,9.2,3.6,23.1,13.1,20.4,25.8,30.2,28.4,0,21.6,9.1,12,9.6,24.3,34.3,17.4,12.8,7.8,34.5,12.7,16.9,5.3,13.3,4.3,13.6,0,26,4.2,1.9,35.5,12.5,12.2,12.2,8.8,38.4,7.3,28,29.6,14.3,24,6.4,14.3,12,10.3,24.9,18.1,0,4.5,13.2,15.3,34.5,16.7,patients,BeatAML,
BA3394D,13,8.7,10,15.2,0,5.8,14.2,14.3,15.8,7.1,16.2,2.3,20.2,,47.5,23.3,0.3,0,4.1,0,9.7,8.1,6.3,0,33.1,,4.2,22.9,0,30.3,,,20.5,22.7,7.8,10.5,24.4,4.5,0,5.8,28.5,12.6,0,9.4,7,0.5,4.9,,39.2,0,40.5,3.9,12.6,9.8,47.2,24.3,28.2,43.6,0,2.8,22.8,1.2,,2.7,23.7,20.6,42.7,0,,0,0,28.2,19.3,28.8,3.9,13.8,30.3,13.6,15.9,0,8.9,4.8,patients,BeatAML,
BA3397D,9.2,20.4,17.7,25.9,24.7,0,19.5,27.9,26.3,11.9,20,16.5,27.9,14.7,27.3,28.6,1.4,3.7,5,0.7,12,25.1,16.2,12.1,0,,0,10.6,0,33.3,,,0,34.9,17.5,27.8,33.6,12.2,0.2,22.2,35.5,20.1,0,23.2,17.2,16.7,10.4,4,34.2,19.1,21.2,12.1,27.7,11.2,33.5,18.9,25.1,11.5,0,39.4,21.9,17.1,,0.1,28.2,,22.8,13.4,,0,8.2,25.8,29.2,23.8,28.9,29.2,10.4,4.6,0,21.1,38.7,23.3,patients,BeatAML,
BA3412D,0.7,0,3.7,26.3,0,0.2,11.7,27.1,12.3,5.1,4.8,1.3,16.4,0,42.3,6.6,2.2,11.7,0,0,0,0,0,0,0,,0,4.9,0.4,5.7,,,7.7,0,0.1,15.6,3.8,2.8,0,5.6,9.7,0.2,0,7.4,0.1,2.2,11.8,4.1,15,0,29.3,1.9,0,0,1.5,3.6,6.1,2.7,1.3,35.2,20.3,0,,7.5,36.2,0.5,36.9,4.5,,0,0,9,9.6,5.9,0,0,0.2,7.1,0.5,3.5,8.1,0,patients,BeatAML,
BA3422D,6.1,12.1,10.3,26.4,0,10.8,10.3,11.4,0,4.5,18.9,6.9,13.7,3.9,19.7,5.5,2.6,0,0.1,0,6.8,0,3.3,0,12.2,,0,0,14.3,23.1,,,4,0,7.1,21.8,23.3,5.7,0,12.5,12.6,6.3,0,13.4,0,11.1,11.6,0,19.7,0,16.9,9.4,0,1.4,12.7,0,5.3,0,0.5,44.4,20.5,6,,7.3,36.5,0,33.7,2.6,,0,1.3,11.7,10.6,9.6,20.7,9.5,0,1.4,0,10.2,11.1,9.9,patients,BeatAML,
BA3434D,5.4,10.3,11.5,25.3,8.5,0,22.5,25.5,27.1,11.6,14.2,5.4,24.3,0,16.4,13.8,0.9,9,0,0,11,10,11.5,11,1.1,,0.4,10.4,0,20.5,,,10.5,25.7,7.3,9.6,19.5,8.2,0,19.9,27.4,3.3,0,5.7,8.6,6.1,32.4,3.5,34.1,0,15,4.9,9.3,0,28.1,6.7,21.4,10.5,0.1,18.7,17.9,6.5,,3.1,33,17.3,24.9,0,,0,0,23.4,24.3,11.3,20.9,9.4,3.9,4.4,13.9,1,22.6,0,patients,BeatAML,
BA3445D,43.9,5.1,18.3,38.7,,0.1,12.4,33.9,47.7,3.7,20,10.1,36.1,8.4,40.7,7.7,,44.7,2.7,0,0,17.2,4,17.9,26.4,30.7,6.7,30.3,0,27.6,32.9,11.2,13.8,28.2,17.7,,33.8,22.3,5.8,33.9,8.1,1.4,19.3,,13.1,26.1,27.9,13.8,33.8,2.3,26.8,,0,47.7,34,,28.5,7.4,22.9,34.4,37.2,13.3,42.2,18,42.2,11.2,47.7,25.2,16.5,0,7.9,40.6,22.2,38.5,11.5,16.6,16.7,12.3,4.7,15.9,34.4,22.6,patients,BeatAML,
BA3452D,28.8,7.7,20,32.3,9.6,0,12.8,31.6,44.7,10.3,16.2,6.6,39.9,2.4,46.2,30.1,32.4,23,11.4,0,12.6,8.7,4.4,3.4,32.9,5.9,5.8,34.7,0,18.9,36,0,15.6,30.7,0,22.6,35.3,7.5,7.4,18.4,34.8,15.9,5.4,21,2.4,7.5,4,8.4,34.5,3.6,30.4,6.2,30.9,28.9,39.8,27.7,28.1,28.1,1.7,11.7,30.7,5.7,39.8,10.5,41.7,38.1,40.1,13.4,4.7,17.2,4.7,36.6,24.2,44.5,25.6,16.5,0,12.8,15.1,11.7,16.6,27,patients,BeatAML,
BA3083D,17.5,0,5.5,31,10.9,0,11.7,26.7,30.2,13.1,22.2,20.6,42.3,15.3,39.1,19.1,1.2,5.6,10.9,0,11.3,19,11.7,10.4,20.9,11.4,5.3,15.6,0,41.1,39.4,0,20.9,28,7.1,9.9,19.2,30.2,14.2,19.1,42.1,15.7,0,17.1,5.8,13,,8.5,38.3,24.2,31.1,4.3,32,33.8,31.1,29.9,17.1,15.2,13.1,18.1,33.7,23.5,30.2,4,39.8,22.6,15.9,32.8,5.5,32,12.1,28.6,26,37.7,17.1,32.7,10.1,4.6,29.8,22.7,42.7,11.6,patients,BeatAML,
BA3087D,2.2,0,7.9,29.8,0,,,19.5,0,1,0,0,27.2,0,0,12.4,0,0,1.3,,0,0,12,0,0.3,29.4,0,7,16.3,6.9,8.6,0,10,14.4,12.1,11.6,9.9,4.6,0,7,11.8,1.5,10,0,3.4,2.2,,0,34.2,4.4,25.8,8.2,0,0,6,0,19.6,0,2.6,47.7,6.8,3.8,3.7,0,29.9,0,8.5,6.6,16.1,0,0,2.7,4.1,12,11.1,0,0,0,0,0,,0,patients,BeatAML,
BA3100D,47.7,21.6,,9,47.7,2.6,0,34.1,46.9,47.7,47.7,20.8,39.1,24.2,0,15.6,0,0,0,4.1,0,47.7,12.2,46.9,2.8,12.4,0,47.7,0,35.8,23.6,3.2,4.7,25.2,29.2,26.7,36.2,0,0,0,,0,0,,0,2.9,7,47.7,39,0,40.7,24.7,26.7,0,26.7,47.7,29.7,0,14.3,38.2,12.5,47.7,43,15,47.7,,10.2,0,7.9,0,,14.8,32.1,0,12.9,15.6,10.8,2.5,28.4,31.1,3,0,patients,BeatAML,
BA3111D,47.7,39.1,42.5,9.5,31.1,25.2,25.3,31.1,47.7,23.7,5.4,20.7,39.9,0,26.1,26.5,20.6,0,32.2,0,19.9,0,44,16.6,0.7,6.3,0.5,16.7,0,4.8,12.7,13.9,0.4,10.9,17.5,38.9,40.4,6.3,0,22.1,32.1,2.4,0,1.6,0,4.7,14.3,14.7,31.7,0,44,,34,29.7,,20.6,18.3,18.5,,37.5,47.7,0,23.5,13.3,19.6,,33.5,4,1.1,0,0,29,42.4,0,13.4,5.5,4.2,20.6,16.6,0,1.1,36.6,patients,BeatAML,
BA3119D,3.3,19.1,0,40.2,0,8.8,16.7,33.4,22.8,1.7,15.8,0,21.8,0,0,11,0,0,10.9,0,0,5,45.9,11.6,0,41.7,0,0,25.1,,17.9,0,0.7,12.9,0,,0,0,0,19.1,31,24,0,,0,5.1,18.1,0,35.1,0,19.6,21.8,0,0,0,0,13.3,0,8.2,47.7,4.5,0,3,6.1,33.7,0,31.1,0,0,0,0,10.8,0,23.5,14.4,30.6,0,0,0,1.8,14.7,0,patients,BeatAML,
BA3125D,29,5.1,19.2,21.2,19.1,0,20,8.6,17.9,2.9,16.7,7.1,34.2,0,40.4,20.7,0.8,24.3,22.6,0,8.8,22,5.9,5.3,0,1.1,16.7,14,0,36.2,28.3,0,10.9,18,3,21.2,23.6,5.2,5.3,18.2,29.4,8.5,0,27.9,5,17.8,15,0,21.6,3.3,23.4,9.2,36.6,36.9,44.4,36.2,22,42.7,0,3.4,24.7,9.7,32.6,0,24.9,22.7,27.4,0,0,38.3,14.9,23.3,21.2,33.4,16.8,19.4,0,6.7,17.8,30.3,30.9,10.6,patients,BeatAML,
BA3129D,27.8,9.4,16.2,21.2,17.8,17.7,0,20.3,38.4,24.4,26.7,1.2,39.5,18.9,37.3,8.7,1.3,2.8,11.3,0,10.8,36.1,2.5,23,,0,6.3,27.1,0,41.4,31.2,0,26.5,25.7,12,20.9,26,16.9,0.3,17.2,34.3,8.4,10.4,26,1.3,0,8.7,2,37.1,9.5,32.3,4,35.2,29.1,43.3,37.5,8.9,22.9,0,0,17.2,32.2,32.3,12.4,35.4,18,24.3,18,14.5,30.4,19.3,32.1,11.6,29.8,18.9,24.6,5.1,20.5,31.4,35.9,16.5,11.9,patients,BeatAML,
BA3130D,0,0.8,2.7,28.5,0,0,12.8,21.8,21.6,4.8,11.7,17.7,34.5,,38.7,11.7,1.9,8.9,0.4,0,0.9,12.6,5.8,3.5,2.3,0,3.9,11.6,0,17.6,0,5.3,2.8,13.9,0.2,11.7,13.4,2.1,2,4.9,24.9,4.6,22.7,3.1,2.6,0.7,4.3,3.1,37.7,1.7,36.1,4.1,6.4,14.2,47.1,31.7,13.5,33.7,0.4,33.9,14.8,0,0,9.4,32.3,12.1,33.2,2.5,0,0,0,16.3,7.1,9.7,12.1,1.6,0,2.9,,16.9,14.6,4,patients,BeatAML,
BA3137D,10.9,5.5,6.6,21.4,10,0,5,18.2,29.1,9.6,15.8,8.1,39.1,41.9,37.7,9.1,0,7.7,19.4,0,0.4,19.1,3.4,16.4,35.4,0.9,16.7,18.1,0,39.9,11.3,0.1,23,27.9,4.5,6.5,20,21.5,14,11.4,37.2,14.4,0,8.6,2.1,1.6,3.8,0.3,39,7,39.9,0,24.1,43.4,42.8,22.1,31.1,32.6,0.6,0,16,9.2,18.5,28.8,28.6,10.1,32.9,,3.3,,0,29.9,13.1,15.9,17.8,21.8,19.4,43,22.7,12.7,14,4.8,patients,BeatAML,
BA3138D,13.9,6.3,9.9,27.4,7.3,0,15.7,22.1,37.4,10.5,20.5,7.4,37.6,20.9,38.3,10.3,0.5,12.2,8.1,0,7.2,16.9,10.2,14,1.2,16.3,7,13.9,0,31.1,26,0,16.9,25.9,0.8,15.2,21.9,11.7,0,17.2,20.7,7.9,0,9,4.6,14.3,4.4,1.7,38.9,3.1,35.7,2.8,24.5,24.2,33,28.3,31.4,29.2,1.5,13.8,17.8,8.3,28.9,6.9,33.9,14.6,38.8,12.2,8.9,16,2,35.2,15.5,23.2,20.1,24.5,0,2.4,12.7,22.7,24.5,9.7,patients,BeatAML,
BA3146D,34.4,9.1,20.7,18.5,13.6,0.5,20.5,20.9,34.5,6.3,23.3,19.6,36.7,11.9,21.1,19,15.1,12.5,9.5,0,13.1,32.3,7.7,13.9,16.3,13.7,10,22.1,0,41.9,30.9,9,32.4,17.8,7.9,25.8,27,8.6,0.9,27.2,31.1,13.5,0,29.5,3.8,0,9.9,6.9,30.4,9.5,25.3,17.3,42.4,,42.7,37.4,26,28.1,9.4,11.2,25.1,16.1,35,7.9,31.1,15.6,31.1,20.1,0,33.9,0,27.1,19.2,39.8,21.4,26.5,5,14.3,23.8,40.4,11.4,15.4,patients,BeatAML,
BA3175D,17.2,7.9,8.7,27.7,12,4.6,15.3,24.7,0,7.1,18.2,4.7,8.9,0,47.5,22.3,3.8,,3.3,0,8.4,13.2,1,3.8,0,,6.3,13.6,9,15.5,32.4,0,34,29.2,5.8,19.2,29.8,11.5,2.2,20.3,39.6,7.9,0,8.4,7.6,,5.9,2.9,43.1,4.5,33.6,4.6,21.9,37.3,47.7,28.6,27.7,40.8,0.1,39.1,17.1,4.7,28,6.4,35.1,19.4,37.4,0,13.2,15.7,5,34,23.5,27.6,20.4,19.3,0,11.1,22.4,0,15.3,7.7,patients,BeatAML,
BA3190D,10.5,8.6,30.7,28.5,10.1,2.2,0,39.5,40.6,15.7,7,10.5,33.2,2.9,46.3,15,4.6,18.7,6.7,0,1.2,7.5,11.1,3.8,10.6,15.6,0.8,24.6,0,14.2,14.6,0,14.2,26.8,18.3,25.7,41.6,17.6,0,24.7,20.4,11.2,0,12.1,4.2,15.8,8.6,4.6,42.6,3.2,27.2,3.5,13.6,12.9,12.1,0,30.9,11.1,1.6,31.9,26,5.2,13.3,4.8,39.7,14.1,40,0,29.8,0,1,22.2,19.5,12.4,24.1,13.5,12.1,8.2,6.6,0,14.4,21.2,patients,BeatAML,
BA3200D,6.8,7.1,2,13,0,16.8,0,6.2,,14.2,25,18.2,7.8,0,0,25.9,0,0,1.4,0,0,9,9.2,0,6.2,41,0,44.2,23.6,19.4,27.3,,0,2.3,,15.9,0,0,0,11.7,32.1,0,0,10.2,0,5,12.3,9.9,31.2,23.6,0,14.8,0,0,8.3,0,20.1,0,0,42.9,8,18.7,31,5.6,44.7,0,8.3,0,20.2,0,11.1,14.7,17,29,1.9,13.6,8,19.5,,12.4,0,0,patients,BeatAML,
BA3208D,12.7,17.1,23,15.5,23.1,0,20.8,32.3,,17.1,20.6,11.8,14.3,29.4,0,21.7,0,8.6,13.9,0,0,35,12,10.3,3,16.1,0,29.1,12.1,39.3,27.1,1.5,18.8,19.9,19.3,23.2,39.8,8.4,0,24,40.3,6.6,12.1,28.7,3.6,0,16.4,3.8,42.4,23.1,10.8,15.2,33.8,13.4,38.7,32.8,27.8,2.6,0,28.4,20.3,21.6,26.3,0,34.1,,22.5,0,4.3,15.5,,25.5,18.1,24.3,21.6,36.9,5.8,12.7,19.5,28.8,26.2,27.9,patients,BeatAML,
BA3219D,,6.4,12.9,24.5,5.4,0,9.3,4.5,0,3.8,13.7,5.7,8.9,0,46.1,15.1,6.1,14.8,1.4,0,10.1,16.7,20.2,4.6,12.7,0,15.6,16.6,17.1,27.6,31.3,0,22.6,18.8,3.8,19.5,16.8,8.5,6.1,17.9,27,12.3,5.8,6.2,2,18.5,9.8,0.9,40.8,6.3,37.7,18.3,36.4,0,47.4,46.9,26.6,35.1,0.8,0,,12.8,25.5,4.8,31.7,0,33.6,17,2.3,28,11.2,22.9,9.4,29.6,28.3,24,0,0,10.6,36.6,16.2,15.9,patients,BeatAML,
BA3229D,19.3,15.9,26.4,38.3,18.2,1.4,26.4,31,27.4,11.2,19.8,1.2,21.4,0,33,26.3,2.4,19.5,17.8,0,7,13.2,7.4,10.5,21.9,20.4,3.2,0,0,44.2,19.9,8.9,23.3,12.3,15.7,25.8,35.3,23.6,1.8,19.6,28.4,12.1,20.9,17.4,25,,20.7,16.3,37.2,21.3,21.7,6.4,30.3,29.7,35.5,31,,12.8,3.4,18.1,20.9,5.7,16.9,5.9,34.5,15.3,34.7,25.9,15.4,23,17.1,,26.3,28.5,27.9,10.2,0,8.6,9.4,22.1,20.4,16.4,patients,BeatAML,
BA3242D,10.9,1.8,7.5,23.8,5.6,0,5.8,16.1,25.1,9.3,13.3,5.7,28.4,0,41.3,9.1,1.6,,20.5,0,0,12.6,1.6,8.1,1.8,13.6,0,9.7,0,20,10.4,0,22,17.5,0,10.9,15,13,0,11.5,26.3,1.9,0,15.2,0,0,5.8,6.3,27.4,4.6,34.2,2.7,25.2,10.8,21.1,17,0,0.7,1.4,18.9,17.4,8.2,24.5,12.7,31.2,6.2,33.5,14.3,6.7,18.1,5.2,20.6,9.5,13.1,20.3,19.6,0,7,7.3,21.5,13.7,11.4,patients,BeatAML,
BA3249D,2.9,0,0,28.7,,0,4.3,38.6,9.8,17.9,26.1,14.4,17,0,47.4,0.8,0,,0,0,0,13.5,5.2,13.1,17.6,0,0,,0,7.8,13.9,0,4.3,32.2,15.6,8.6,0,20,0,5.8,42.7,0,25.4,,0.4,19.2,12.9,12.4,5,13.2,35.9,0.8,,2,0,0.5,15.4,0.5,0,40.8,10.8,20,16.9,15.2,39.1,0,26.6,14.2,0,9.3,,26.4,8.6,8.1,22.6,40.2,7,0,0,3.7,9.4,0,patients,BeatAML,
BA3266D,16.5,16.1,26.7,37.3,23.6,2.2,,34.1,,13,30.2,24.3,37,0,17.7,31.8,0,10.7,4,,9.6,21.9,11.8,9.1,30.2,13.2,1.6,34.2,8.3,46.9,43.4,7.2,20,38.8,22.7,30.7,33.2,19.8,0,26.2,42.4,15.8,0,19.4,6.4,9.9,14,6.1,39.4,12.7,19.1,7.5,41.4,18.2,36.4,44.6,28.9,11.8,2.5,26.8,25.2,19.8,32.5,4.4,,,16.9,15.8,8.6,0,9.1,25.9,27.7,42.8,29,28.7,0,7.6,17.6,36.2,38.2,0,patients,BeatAML,
BA3268D,4.6,12.7,9.6,19.5,9.1,7.3,5.4,13,18,5.1,8.2,9.7,13,0,30.2,6.6,1,10.7,0,1.6,0.2,6.9,12.1,10.8,11.6,10.1,0.1,12.5,0.5,23.8,18.5,0,5.4,20.9,0,19.1,18.8,0,0,14.9,22.5,3.3,1.1,3.9,0.3,8.4,8.3,4.6,27.2,6.4,24.5,4.1,10.6,0,23.2,0,18.2,13.3,6.2,34.5,3,0.7,19,1,18.1,0.8,14.5,6.8,20.2,0,2.6,14.5,21.6,17.9,14.5,7.7,0,0.5,10.7,4.9,10.9,7.5,patients,BeatAML,
BA3275D,1.1,27.5,33.9,36.5,38.7,3.4,23.3,35.8,35.7,22.1,0,8,24.9,7.9,0,33.4,3.3,,2.4,2.7,12.9,0,5.9,2.9,19.3,15,0,0,12.4,24.4,5.4,0,8.4,39.3,28.5,32.6,47.7,15.1,0,25.7,31.9,14.9,0,28.6,6.4,17.7,16.3,10.9,37.6,30.3,9.3,3.6,41.7,0,13,2.6,24.8,0,3.3,47.7,24.6,1.3,12,4,40.5,29.7,,13.8,23.6,0,6.6,12,28.2,21.8,27.4,21.2,12.8,8.5,10.3,11.5,27.1,25,patients,BeatAML,
BA3300D,10,5.8,11.8,5.1,1.2,0,17.1,18.6,30.1,4.5,7.9,0,33.9,0,41.9,21.4,0,7.5,34.6,0,29,3.3,13.2,0,6.4,2.8,0,13.5,2.1,9.7,11.6,0,2.8,28.8,11.3,9.4,11.5,8.5,1.8,10.3,30.7,2,0.1,8.3,2.5,3.5,3.9,0,35.5,0,18.6,1.6,7.9,8.3,32.9,26.4,11.8,26.5,0,26.3,22.7,0,19.1,0.7,9.2,1.8,30.4,0,2.1,5,0.1,18.4,20.7,8,0,4,0,26.5,10.8,0.6,13.2,17.2,patients,BeatAML,
BA3302D,11,3.7,16.2,20.7,10.8,0,7.6,24.6,33.9,7.8,18.2,11.8,25.2,0,42.7,12,19.5,15.7,1.4,0,1.3,20.2,3.6,6.8,5.1,3.5,0,18.4,0,34.3,17.9,0,18.7,26.5,8,20.7,29.3,6.5,0,14,20.8,3.3,0,19.7,0.3,13,6.1,4.6,26.8,2.4,17.1,5.5,27.6,13.4,22,18.7,24.6,25.4,0,22,26.5,11.2,19,15.7,31.6,9.6,36.1,8.9,1.2,14.6,1.9,24.2,10.3,11.5,17.2,11.7,1.1,6.4,14.9,21.9,26.8,23.5,patients,BeatAML,
BA3309D,24.3,7.9,27.7,27.3,28,0,12.7,10.5,39.3,10.5,18.2,20.8,31.3,20.7,22.8,24.6,28,3.2,5,2.3,22,23.3,3.6,12.8,28.8,7.6,12.5,19.5,0,39.2,32.9,0,21.9,10.4,4,26.9,44.6,10.6,0,23.5,28.3,19.6,0,25.5,2,5.5,28,9.8,25.9,15.1,28.1,4.5,,27.6,47.7,34.5,20.6,27.1,3,9.7,13.6,24.6,36.9,4.3,35.4,,27,29.4,11.1,38.7,17.7,36.3,22.4,34,12.3,23.1,9.9,29.4,32.4,33.7,35.9,18.9,patients,BeatAML,
BA3310D,0,21,0,11.5,16,16.8,1.1,30.3,27.5,6.9,22.4,0,16.8,0,0,15.4,0,0,0.2,8.1,0,17.9,34.4,0,15.4,19,0,23.5,34.4,27.3,25.2,18.8,0,24.4,9.9,33.3,44.2,5.4,0,36.1,47.7,0,0,,0,8.1,20.2,9.1,37.3,27.4,20,11.9,44.2,0,21.7,19.5,26.3,0,5.6,47.7,10.8,9.2,14,4.8,24,,0,5.1,15.3,0,,11.9,43.2,24.9,0,29,0,0,0,13,10.6,0,patients,BeatAML,
BA3312D,20.1,16.8,19.1,22.7,0,0,9.9,22.8,31.1,8.1,19.5,4.3,28.4,0,37.4,24.8,,7.7,20.7,6.9,17.7,8.9,17.8,0,2,9.2,1.2,12.3,1.2,28.1,31.4,6.1,5.8,34.7,11.6,6.5,9,3.7,0,24.6,40,3.4,0,14,1.3,3.8,11.6,2.4,42.2,0,21.6,8.8,0,19.1,43.6,33.5,39.9,31.6,6.3,27.2,28.3,0,33.9,7.4,35.1,0,29.7,0,8.9,0,9.5,21.4,35.6,31.6,16.6,10.4,9.2,23.9,13.1,0.5,13.1,15.6,patients,BeatAML,
BA3343D,21.8,7.6,4.2,20.7,8.5,0.6,8.3,19.7,28.1,3.1,13.8,1,26.8,7.6,41.5,21.4,1.1,3.9,2.7,0,5.5,17.9,0.3,7.3,18.8,4.3,0,19.5,0,22.2,28,0,12.8,16.6,8.4,17.4,18.5,,0,42.3,25.6,6.3,0,12.3,1.5,7.6,4.4,0,35.3,0,29.3,6.7,19.6,10.3,47.7,27.7,20.7,30.6,0.7,8.9,21.3,4.2,32.3,11.9,28.6,18.3,33.5,0,4,0,1.8,26.6,13.8,39.5,10.4,7.7,9.3,,14.5,34.4,8.1,2,patients,BeatAML,
BA3351D,10.2,7.8,23.7,23.2,0.2,0,13.6,13.6,23.1,14.6,11.1,0,18.9,13.7,0,12.4,0,2.4,2,0,0,5,10.8,0,4.5,31.7,0,7.2,0,14.7,15.1,0.3,0.6,13.7,6.9,8.3,17.4,7.9,0,16.8,16.9,0,0,10.2,6.1,4.3,13.7,6.6,27.2,6.5,16,6.5,0.2,0,15.7,15.5,12.4,0,0.5,47.7,9.1,5.8,10,5.7,34,13.8,24.4,1.1,20.5,0,5.4,21.1,17.8,16.6,13.7,19.7,0.6,8.2,0,7.6,10.5,6.1,patients,BeatAML,
BA3353D,5.7,12.3,21.4,23.4,12.3,2,6.7,44.8,43.3,3.4,9.7,4.9,16.4,0,14,21.5,1.8,5.8,7.3,0,24.5,9.9,31.6,15.8,10.1,0,0,,29,22.2,19.4,15.4,4,26.5,9,35.6,,17.6,0,31.5,47.7,8.4,7.6,,0,22.5,7,3.1,37.6,2.9,26.6,24.6,,,0,,33.5,0,39.3,40.4,35.2,0.5,8.3,3.6,18.4,13.7,45.4,19,4.3,0,0.5,42.8,43,26.7,31.9,26.5,7.4,10.8,0,7.2,12.9,0,patients,BeatAML,
BA3357D,7.1,11.4,18.5,0,8.2,6.7,7.3,29.8,23.2,8.8,7.1,0,14.5,0,0,17,0,0,2.5,0,0,3.3,15.8,6.7,22.7,,0,15.7,8.4,14.1,29,0,0,15.8,10.1,12.3,17.5,4.2,0,18.7,17.5,0,0,0,0,10,24.5,2.7,39.6,0,0,12.8,9.6,0,10,23.2,30.1,0,1.6,46,25.1,0.3,14.6,0,26.8,5.6,0,0,18.5,0,0,13,17.2,21.6,8.7,20.7,9.8,12.8,0,9,10.7,17.2,patients,BeatAML,
BA3385D,30,1.9,0,30,4.5,0,20.2,18.7,47.7,10.3,19.9,9.2,34.6,,47.5,7.5,37.5,21.6,0.3,0,0,22.7,0.2,9,9.9,3,2.4,25.4,0,32.6,28.3,0,38.1,27.5,8.5,17.5,39.1,,0,11.7,22.5,5.6,0,18.6,11.3,4.6,27.7,3.6,24.1,0,38.4,7.8,28.9,14.1,36.8,42,0,25.6,0,19.1,35.4,14.2,37.7,9.2,35,,44,24.1,0.5,34.5,1.1,28.1,5.9,26,12.9,18.5,0,,18.4,33.6,33.8,27.1,patients,BeatAML,
BA3388D,6.2,4.9,13.3,29,8.8,0,13.2,12.7,37,6.9,4.8,8.4,14.8,16.4,37.1,10.6,0.4,0,0,0.2,6.3,0,6.9,6.8,9.5,2.7,6.6,0,0,29.1,24,0,8.7,19.1,0,14.3,20.4,6.2,0,17.8,47.7,6.3,9.7,10,2.8,24.1,11.3,0,34,0,25.6,,9,9.8,31.9,,19,17.9,3.4,14.6,14.3,0,18.7,0,29,18.1,29.7,0,10.2,0,,12,13.1,14,15.7,14.2,1.3,0,15.8,15.8,25.1,11.1,patients,BeatAML,
BA3390D,1.6,1.7,0.1,29.2,0,0,5.6,4.6,,4.2,6.2,0,28.5,0,42.3,,4.4,,31.2,0,1.1,5.8,1.1,0,38.6,0,0,11,0,14.9,18,0,,22.9,0,3.5,15.8,1.2,12.6,8.4,31.7,3.7,2.8,8.5,0,40.1,2.9,1.2,27.4,0,27.7,0.1,11.5,1.1,37.6,0,35.7,42.4,0,0.4,,0.7,,13.2,35.2,2.3,37.3,3,0.6,0,0,5.6,10,20.1,16.2,3.8,0,4.4,12.8,0,23.5,3.2,patients,BeatAML,
BA3446D,33.2,3.4,11.2,24,7.1,,14,19,39.2,6.4,18.4,10.1,,10.2,44.3,6.3,,13.1,5.8,9,6.9,30.6,3.6,9.1,29.2,0,4.7,19.7,0,38.9,39.8,0,,31.8,10.3,12.5,0,3.4,3.5,19.4,33.4,5.5,0,12.9,6.1,10.8,16.6,13.4,32.2,3.9,46.9,4.3,30.8,36.5,37,29.3,0,29.5,0.2,6.7,12.9,0,40.3,13.8,28.7,18.7,35.2,4.9,7.5,13.5,3.4,30.3,11,38.5,17.8,22.9,0,3.5,7.1,14.6,10,2.7,patients,BeatAML,
BA3454D,37.3,0,34.3,23.3,,0,47.7,47.7,37.9,14,45.3,10.4,17.4,0,47.7,4.5,33.6,47.3,0.4,3.8,0,47.7,1.9,0.4,46.4,5.1,14.6,40,0,47.7,38.7,0,47.7,47.7,47.7,47.7,47.7,7.3,0,7.1,11.1,0.1,47.7,22,0,44.7,24.2,24,20.3,6.8,0.1,,17.5,0,17.9,,24.3,21.4,0,29.4,47.7,7.6,42.4,1.5,47.7,,47.7,6,0,0,,10.3,0,3.4,14.6,16.1,31.8,9.4,4.3,39.6,,26.7,patients,BeatAML,
AML_045_01,0,6.9,0.1,22.8,0,1.6,,0.4,11.3,7.8,0.2,5.7,12.2,4.4,16.7,11,9.2,0,18.4,6.2,4.9,0,8.2,2.9,0,8.1,1.8,0,0,3.6,0,1.4,0,8.1,4.3,0,,0,1,0,13.1,5.8,1,0,0,3.8,17.1,0,19.5,0,27.7,0,0,9,6.2,4.2,0,6.3,1.9,0,8.9,0,0,30.2,29.3,1.7,22.2,0,8.8,0,0,5.1,5.4,0,1.5,0,0.9,6.3,4.5,0,8.6,3.5,patients,FIMM,FO4B
AML_046_01,0.4,0,0.3,16.8,0.2,0,,1,6.7,8.3,1.4,3.4,9.6,2.9,13.6,6.2,9.5,0,6.8,0,2.2,0.3,3.4,0.7,0,2.2,0,0,3,2,0,0,0.9,7.2,0,0,,1.4,0.1,0,10.7,4.5,2.3,0,1,3.2,14.5,0,12.5,0,24.6,3.3,1.8,0.1,3.6,2.9,1.7,4.2,0,0,5.7,0,0.2,22.9,29.3,0.9,18.6,2.2,4.9,1.3,1.1,5.1,2.9,3.1,0.9,0.5,0.6,2.3,2.9,0.3,1,5.4,patients,FIMM,FO4B
AML_047_01,0,2.3,0.4,23.1,0.5,0,,0,15.6,6.5,2.2,5,15.5,4.2,21,16.3,11.3,0,17.8,2.2,6.6,0,3,2.6,0,2.8,0,0,3.1,0.9,0,0,0,19.9,0,0,,0,0.4,0,23.1,9.1,2.8,0,2.8,3.7,16.4,0,17.6,0,27.9,3.7,8.1,6.5,13.6,8.9,1.6,9.9,3.4,0,9.9,0,0,24.9,31.6,3,23,1.6,5.3,0.2,2.7,7.1,5,0,0.3,0,1.9,8.2,4.1,0.1,6.2,6.8,patients,FIMM,FO4B
AML_048_01,0,2.5,0,17.2,0,1.2,,2.5,12.4,8.8,1.2,3,13.9,2.8,15.8,12.2,12.4,0,14.4,3.2,5.2,0,3.3,0.8,0,2.3,0,0,0,0,0,0,0,13.8,0,0,,0,0,0,14.5,6.9,0.6,0,0,6.1,15.5,0,21.7,0,29.1,4.7,0,3.3,7.2,7,1.2,6.1,2.1,0.3,9.2,0.2,0,20.3,21.1,1,20.3,0,3,0,0.7,6.6,2.9,0.8,0,0,4.8,6.8,2.1,0,3.5,10.5,patients,FIMM,FO4B
AML_049_01,0.8,0,0,12.7,0,0,,2.8,7.4,8.7,0.1,1.9,8.1,1.9,15.4,9.1,8.4,0.1,6.6,0.8,2.8,0.5,4.7,0.6,0,2.9,0,0,0,0,0,0,0,9.6,0,0.8,,0,0,0.2,8.3,9.4,1.8,0,0,1.2,14,0,19.1,0,25.8,1.7,7.3,3.4,7,2.6,2,6.2,0,9.5,8.1,0.4,0.5,7.9,21.1,0.7,22.4,0,5,1.2,1.8,4.3,1.9,0.6,0,0,2.7,1.2,4.6,0,0.5,5.1,patients,FIMM,FO4B
AML_050_01,2.8,4.7,4.4,17.7,3.7,1.7,,5.2,7.1,11.1,8,4.9,9.7,4.1,20.7,10.6,11.9,4.2,9.3,2,4.7,1.1,1.4,4.4,0,13,0,0,1.4,3.4,0.3,0,0.5,6.3,0,2.1,,0.1,0,3.5,9.5,8.7,0,0,0.6,4.8,19.2,0,22.5,0,32.3,4.5,4.5,4.6,3.6,0.2,6,4,1.4,30,5.5,1.4,6.3,10.6,27.6,5,22.9,3.7,8.8,0.9,4.9,11.8,4,6.3,5.5,3.5,3.3,3.7,4.4,6.2,3.2,8,patients,FIMM,FO4B
AML_051_01,0,0,1.1,25.2,2.1,0.5,,7.4,4.2,8.7,2.2,3.5,7.1,1.9,23.8,8.9,3.9,0,5.4,0,0.2,0,3.3,3.5,0,7.8,0,0,7.9,3.4,0,0,0.4,12.7,0,2,,0.2,0,1,12,9.1,1.8,0,0.5,1.2,15,0,31.4,1.4,26.5,4.2,3.2,6.5,2.9,1.3,4.5,4.8,5,16.1,1.7,0,0,11.8,30.9,4.3,21.9,0.6,8.3,0,3.3,0,1.1,1.1,0,0,3.9,0,0,0.9,0,2.9,patients,FIMM,FO4B
AML_052_01,0,11.4,0.5,22.2,1.9,1.7,,9.6,14.9,10.8,8.4,4.8,13.4,7.8,21.5,12.2,12.4,0,11.8,4.7,5.3,0.1,12.9,2.7,0,14.5,1.5,0,2.3,4.3,0,0,0,19.7,11.3,0.5,,0,0,3.6,22.5,12.1,2.3,0,1.5,7.3,17.6,0,24.5,0,31.2,4.4,0,10,16,9.3,6.6,11.1,3,5.9,14.5,0,0,16.7,29.5,5.5,23.3,0.1,9.1,0,2.3,12.1,8.9,0,1.4,0,8.6,4.5,5.2,1.4,18.8,8.5,patients,FIMM,FO4B
AML_053_01,0.1,20.9,3.3,18.8,4.1,3,,7,16.5,12.3,3.7,7.8,15.5,7,24,14.9,15.5,0,19.5,4.9,6.6,2.5,17.9,5,0,20.8,0,0,2.6,6.2,0,0,1,20.6,17.6,1.5,,0,2.9,2.7,22.4,12,3,0,1.7,13.8,17,0,26.9,0,27.5,5.7,5.4,9.4,10.3,6.9,6.1,9.9,3.3,5.4,15.6,1.6,0.4,24.4,28.1,8.5,23.2,1.6,12.2,3.8,5.5,16.7,16.6,0.5,5,0.8,5.8,7.6,7.5,5.4,4.8,14.3,patients,FIMM,FO4B
AML_054_01,0,9.9,0.3,20.8,6,7.6,,11.1,16.9,10.6,2.9,5.4,24.1,0,28.4,16.6,6.6,0,14.3,4.5,6.5,4.2,2.5,4,1.6,5.6,2.2,4.2,5.9,7.2,0,0,0.7,26.1,1.5,3.2,,0,3.7,0,28.4,13.7,1.1,0,0,5,17.4,0,30.4,3.6,29.7,7.6,9.2,4.4,26.7,9.6,5.5,19.2,3.5,14.9,12.3,2.5,0,20.6,29.7,5.8,26.4,2,6.8,1.8,2.7,9.9,9,0,6.3,0,9.2,6.6,9.5,0.6,3.8,11.5,patients,FIMM,FO4B
AML_055_01,0,5.5,1.7,15.3,4.8,0,,4.7,9,9.6,2.9,6.5,9.9,1.5,21.4,9.1,13.8,0,15.8,2.7,4.3,4.9,7.4,4.4,0,12.2,1.4,0,5,4.5,0,0,0,11.4,1.4,0.9,,0,1.3,6.5,11.9,11.1,2.7,0,2.6,10.2,12.7,0,19.6,1.8,30.7,3.7,7.1,5.9,9.5,7.5,5.2,5.3,3.7,4.4,7.7,3.1,0,14.5,28.1,7.3,22.2,4.5,8.8,0,4.7,7.8,4.9,1.1,1.2,0,0.7,6.5,7.3,3.7,3.8,5.8,patients,FIMM,FO4B
AML_056_01,5.9,10.2,5.2,21.6,9.1,3.8,,16.3,16,15.8,11.4,10.5,18.7,9.3,29.4,19.3,9.8,7.6,24.3,6.7,7.7,5.6,10.6,7.7,0,11.7,0.8,0,3.3,10.2,1.7,1,0.8,20.2,7.7,4,,0.2,3.7,1.7,22.5,13.6,2.7,2.8,2.6,7.6,17,0.6,28.7,1,29.4,7.5,10.2,8.5,8.9,8.2,7.3,9.1,4.8,21.5,9.6,4.1,3.3,14.6,33.6,14.4,26.8,7.3,8.5,4.6,4.7,19.5,7.8,5.5,8.7,6.5,8,9.1,10.1,11.4,8.8,14.5,patients,FIMM,FO4B
AML_057_01,0,1.3,1.8,25.5,0,0,,0,9.3,5.5,1.9,3.9,10.3,4.1,20.8,10.7,9,0.6,15.1,0,4.1,0,3.4,1.3,0,3.6,0,0,0,0,0,0,0,10.7,0,0.5,,1.3,0.3,0,10.7,5.9,1.8,0,2.6,3.8,12,0.2,25.9,0,30,4,2.4,4.4,11.7,5.5,4.9,10.4,2.9,3.1,11.6,1.1,1.6,26.5,32.8,3.1,23.5,1.4,6.8,0,2.2,4,0.2,0,2.1,0,6.3,3.8,1,0,0.1,4.9,patients,FIMM,FO4B
AML_058_01,0,0,0,24.8,0,0,,0.9,10,9.4,2.5,6.5,10.8,6.2,24.5,8.8,9.1,0,8.2,3.4,0,0,3.8,2.4,0,4.4,0,0,0,0,0,1.5,0.1,10.5,0.2,0,,0,0,0,16,5.2,0,0,0.2,1.6,16,0,16.7,0,26.7,1.9,0,1.9,7.8,3.3,0.7,5.1,2.5,0.3,9.1,0,0,23.3,35.9,1,22.6,4.4,5,0,0.1,0.6,1,0,0,0,0,3.8,0,0,4.5,8.9,patients,FIMM,FO4B
AML_059_01,3.8,23.2,4.3,21.2,5.4,0,,4.2,13.5,9.8,8.7,6.3,14.9,1.9,18.8,20.1,9.6,0,23.1,1.5,12.5,3.9,18.3,2.5,1.5,15.1,0,3.6,0,7.3,0.1,0,2,12.5,15.7,3.4,,0,1.4,0.1,15.1,9.8,2.9,2.7,0,7,17,0,22,0.3,21.9,6.4,9.1,2.1,14.6,5.7,0.9,7.6,4.5,10.8,12.7,4.4,6.1,24,33.4,3.3,23.4,1.7,8.7,0.5,3.2,9,22.5,3.5,8.3,2,6.8,12.1,11.4,5.9,16.6,13.6,patients,FIMM,FO4B
AML_060_01,0,1.5,0.1,23.6,3.9,0.3,,8.1,14.6,9.3,4.9,5.3,10.5,6.7,22.2,11.3,11.6,1.5,5.7,0.9,1.1,0.2,3.8,4.2,0,4.7,0,0.5,7,4,0,1.9,0,16.3,0,1.3,,1.7,0.4,1.3,19.9,10.2,2.3,0,5,6.2,16.6,0,22.8,3.7,31.7,4.8,14.4,5.6,6.3,7.2,3.5,6.3,4.3,3.9,10.5,2.4,0,15.9,31,5.2,23.2,7.4,5.4,3.8,5,11.2,4.6,0,3.4,1.3,7.4,0.4,5.1,2.8,2.7,8,patients,FIMM,FO4B
AML_061_01,1,4.6,3.6,24.3,0,0,,4.1,13,10.4,2,4.1,10.1,6.4,21.7,16.3,10.4,0,12.2,2.2,9.4,0,1.3,2.5,3.8,4,0,1.8,0.2,0,0,1.7,1.7,14.6,0,0.8,,0,3.4,0.1,19,9.3,2.5,0,1.7,4.9,19.1,0,29.2,0,29.7,2,0,5.3,7.5,10.6,1.4,6.5,3.6,11.2,5.5,0,0.1,16.3,32.3,3,23.5,0,5,0,2,7.8,6.2,0.7,2,0,1.9,8.2,3.9,0,4.8,8.5,patients,FIMM,FO4B
AML_062_01,1.8,6.2,2.5,27.3,1.3,3.3,,6.2,18.7,10.5,4,6.9,19.9,7.6,23.4,16.7,10.1,0.9,16.7,4.1,5.9,2.5,4.1,7.2,1.5,6.2,0,1.3,3,2.5,0,0.2,0.5,20.8,1.5,0.4,,0,4.2,2.1,21.3,10.4,5.8,0,3.8,6.6,20.6,1.5,27.4,0,31.6,6.2,7.3,9.2,11.5,11.6,4.9,8.1,4,0,13.4,2.6,4.1,22.1,34.7,6.6,24.8,0.1,8.7,0,4,10.8,7.7,0.2,3.5,0,7.7,8.2,6.3,1.7,0,10,patients,FIMM,FO4B
AML_063_01,0.7,3.3,0.4,23.8,2.2,2.2,,3.5,11.9,8.5,2.7,3,12.2,4.6,21.6,12.2,10.2,1.9,20.3,3.1,7.1,0,2.5,0.4,0,4.5,2.6,0.2,1.9,4,0,0.6,0,17.3,0,0,,0,0.3,2.4,18.3,8.1,1.4,0,2.4,5.8,15.2,1.6,22.3,4,24.5,2.8,2.7,3.7,8.8,6.1,1.6,3.1,2.5,2.3,9.8,0.6,1.2,30,33.9,5.5,24.5,0.4,4.8,0,2.7,3.5,6,5.4,2.6,0.8,9.7,7.3,1.4,0.1,8.1,7.3,patients,FIMM,FO4B
AML_064_01,1.8,3.9,0.2,16,0.3,1.3,,2.6,7.1,6.1,0,2.9,8.4,0.8,16.4,8,8.3,0,9.7,0,3.5,0,1.7,0.1,0,3.7,0,0,0,1.4,0,0,0,9.9,0,1.3,,0.9,0,0.2,12.6,7.1,0.4,0,0.2,2.3,17.1,0,18.8,0.1,25.3,0,2.1,3.4,7.2,2.3,2.9,6.1,1.1,10.1,6.5,0.1,2.1,16.7,23.7,2.7,17.8,1.5,6.6,1.1,1.9,5.4,2.1,0,0,0,2,3.9,2.6,0,3.1,3.5,patients,FIMM,FO4B
AML_014_02,0,5.1,1.1,12.6,1.4,4,,3.9,6.4,10.2,0,3.1,1.5,0.9,20.3,5.7,8.1,0.1,9.9,1.1,1.9,2.9,2.5,1.1,0,3.5,0,0,2.1,0.9,0,0,0,6.2,3.4,0,,0,0,0.6,6.7,9.4,0.4,0,0,5.8,12.7,0.2,19.9,0,30.1,2.8,0,2.8,2.6,1.2,2.1,1.6,1,11.2,7.6,0,0,18,24.7,1.8,18.8,0,7.6,0.4,2,5,6.3,3.4,0,0,4.5,2,0.3,0.1,1.3,1.1,patients,FIMM,FO4B
AML_065_01,1.7,7.4,2.2,19.3,7.3,2.4,,5.7,18.5,13.1,10.3,9.1,19.2,8,25.6,16,22,6.5,17.9,5.2,7.7,3.2,4.8,7,0.1,4.9,0,0,10.8,8,0,0,0,24.3,0,0.4,,1.4,0,3.3,24.8,16.7,1.6,0.8,7,4.9,15.6,0,25.1,6.1,32.1,5.2,19,10.5,18.9,8.7,8.2,14,5.3,17.8,8.8,5.5,2.6,20.3,32.4,10.3,27.6,10.7,9.2,7.5,5,16,5.3,4,2.2,5.7,3.4,7.9,13.8,11.6,6.6,15.9,patients,FIMM,FO4B
AML_066_01,0.6,3.6,1.2,18.4,0.4,0.2,,4.3,8.1,8.9,4.1,5.5,8.3,3.7,18,6.5,6.7,0.7,9.3,2.5,2.7,0,3.3,3,0.2,5.2,0.1,0,2,5,0,0,0,5.2,0,0,,0,1.6,0.7,7.9,9.7,0.4,0,0.9,3.2,12.5,0,20.4,0,26.2,4.4,0,5.5,0.7,4.1,3,1.6,2,12.6,4,1,1.5,13.5,23.4,4.8,20,2.6,10.2,0,4.4,9.5,1.1,4.3,0,0.4,4.1,5,1.8,2.5,0.2,3.5,patients,FIMM,FO4B
AML_019_02,4,5.3,4.9,23.3,0.5,0.1,,0.5,8.2,11.9,6.9,4.1,10,5.1,21.6,11.6,8.4,4.9,14.3,2.3,4.6,3.4,3,2.3,0,7.8,0,0.1,2.3,2.8,1,0,0,13.6,0,0,,0,0,0.7,13.1,6.9,3,0,3.1,6.7,13.9,0,20.3,0,24.8,4.3,3.7,4.1,2.8,6,1.4,4.3,3.5,15.6,4.4,0.6,6.5,28.4,33.9,5.6,23.8,1.4,7.6,0.7,4.7,10.6,2.7,10.9,3.2,0.9,1.7,4.9,1.1,4.9,4.9,3.1,patients,FIMM,FO4B
AML_067_01,4.1,14.1,3.2,19.9,2.9,2.2,,9.2,14.2,11.1,7.7,5.1,16.6,3.5,23.4,15.3,8.8,0.6,22.1,7.5,8.2,3.1,14.1,2.5,2.8,9.8,0,1.6,6,5.1,0,0.2,0,14.3,5.6,0.7,,3.2,0.5,1.9,14.3,11.2,2.2,0,2.1,6.6,16.1,0,29.2,2.7,28.1,7.2,6.9,8.2,6.6,6.8,4.3,8.4,5.3,0.9,14.4,1.5,1.4,10.2,27.3,8.7,25.1,3.5,8.2,0.8,7.4,9,11.9,2.2,1.2,1.5,6,8.7,6.8,4.4,1.6,10.6,patients,FIMM,FO4B
AML_068_01,1.7,20.5,4.6,34.6,4.3,8.6,,4,20.1,18.4,5.7,7.3,20.1,8.2,24.8,18.6,18.8,0.9,22.6,3.4,10.8,0,15,6.2,0.5,11.2,0,5.5,3.2,6.6,0,0,2.2,22.1,13.5,1.3,,0.8,0.7,4.9,24.7,11.2,3.6,0,4.2,7.5,18.2,0,25,0.9,31.2,5,14,7.2,8.6,10.7,2.8,8.4,4.1,13.6,13.7,6.1,7.4,33.4,37.3,6.7,23.4,3.8,7.2,5.9,7,14,13.8,1.4,2.8,1.6,6.9,12.1,6,5.9,2.1,17.8,patients,FIMM,FO4B
AML_069_01,1.1,0.5,0.5,18.4,0,0.2,,2.7,7.3,8.3,2.2,1.4,7.2,1.6,21.1,8.1,8.4,0,9.8,0.5,1.9,0,2.2,0.9,0,3.4,0,0,0.3,0.5,0,0.1,0,11.4,0,0.4,,0,0,0.4,13.1,8,0.3,0,0.3,2,16.2,0,20.7,0,27.5,2.1,0.2,2.7,3.7,3.4,2.5,3.3,0.1,11.8,7.2,0,0.4,16.6,25.1,2.2,18.5,0,6.6,0,1.4,3.9,2,2.9,0,0,3.4,3.6,2.5,0.2,5.3,5.9,patients,FIMM,FO4B
AML_070_01,3.6,0,0.5,0,4.8,3.4,,15.2,6,10.4,9.4,3.9,7.6,0,23.2,12.9,11.9,0,20.2,2.9,5.7,4.2,3.5,1.7,0.2,4.2,0.1,0,3.6,4.7,1.2,0,0,15,0,2.2,,0.1,0,2.7,16.1,13,0.7,1.8,0,7.3,17.4,0,21.1,2.5,24.9,8,2.9,3.7,5.3,5.2,8.5,4.6,2.8,0,7.1,5.9,5.2,1.3,22.9,6.5,23.2,1.3,0,0,7.8,5.4,4.5,5.4,4.5,2.7,10.2,6.4,4.1,5.5,4.7,12.2,patients,FIMM,FO4B
AML_071_01,0.3,3.7,0.7,17.9,0.1,1.2,,2.3,10.4,8.7,1.5,4.1,9.1,2.3,19.4,11.2,8.8,0,11.4,1.6,3.2,0.4,2.3,3,0,2.9,0,0,2,2.8,0,0.5,0,11.8,0,0.6,,1,0.1,1.1,11.7,8.2,0.8,0,0.8,3.8,15.4,0,15.9,0.4,27.3,3.1,4.6,6,6.4,2.7,1.4,5.7,2.2,13.2,5.5,0,0.8,21.1,23.4,4.6,21,3.5,7.2,0.5,3.5,6.4,2.6,2.2,1.8,0.2,1.1,4.4,2.6,2.7,3.4,4.5,patients,FIMM,FO4B
AML_072_01,1.5,15.5,0,17.9,1,0,,1.4,5.5,5.5,18.1,2,5.5,0,21.1,10.1,45.8,19.9,28.9,5.7,5.5,0,12.9,0.7,0,6.5,0,0,0,2.1,0,0,0,11.8,9.1,0,,11.7,0,22.1,13.6,7.9,1.8,0,0.5,23.6,17.5,0,24.5,0,26.4,24.9,0.7,0,8.1,3.8,15.9,1.4,0.3,13.5,18,0,1.9,21.2,21.1,21.2,32.8,22.2,3.3,0,16.3,3.1,14.7,15.5,0,0,7.3,5.5,5.6,1.8,5.6,5.3,patients,FIMM,FO4B
AML_073_01,0.7,5.6,1.2,21.5,0,2.7,,0.9,11,9.8,1,6.4,10.8,2.4,21,11.2,11.6,0.2,14.6,2.6,3.4,1.1,1.9,3.3,0,2.2,2.3,0,3.5,4.3,0,0,0,11.3,0,0,,0,0.4,2.4,13.8,8.7,1.4,0,2.2,8.4,11.2,0,18.6,2.2,28,2.5,3,5.9,8.6,5.8,2.3,5.4,4.6,5.8,9.1,4.2,1.6,24.2,33.7,4.7,23.3,0.6,6.4,0,4.7,7.1,5.8,4.4,0.3,0.6,0.8,5.6,2.1,2.4,6.6,4.2,patients,FIMM,FO4B
AML_074_01,6,0,4.6,26.1,5,0,,0.7,17.1,13.2,8.8,4,19,2.7,25.4,20.1,11.5,0,24.8,2.9,10,2.3,5.1,2,1.6,10.7,0,5.6,0.7,7,1.2,0,1.2,19.4,1.8,2.7,,0,0.3,3.4,21.6,8.6,1.5,1.4,3.8,8,16.8,0,30.6,1.4,26.5,3.2,6.8,8.2,9.4,10.5,4.1,6.2,4.4,17.8,10.6,0,6.3,34,40.3,12.2,28.9,4.6,0,0,6.3,20.3,6,10.8,0,1.5,1.9,12,4.9,6,7.6,10.6,patients,FIMM,FO4B
AML_075_01,0,0,0.9,0,0,2.1,,0.3,10.1,9,1.6,7.1,9.4,0,20.9,12.9,12.2,0,13.6,2.3,5.2,0,1.9,3.5,0,4.4,0,0.6,0,0.5,0,0,0,17.1,1,0,,0,0,1.4,17.1,9.8,0.2,0,2.1,5.3,15.9,0,18.5,0,30.2,2,2.7,6.5,10.4,4.6,3.7,4.8,2.9,1.1,7.9,0.6,0.3,20.6,30.6,3.7,22.2,1.4,0,0,2.9,6.2,4.9,1.6,0,0,2.2,6.7,0.2,0.5,6.9,10.1,patients,FIMM,FO4B
AML_049_02,3.4,2.6,1.9,0,2.9,2,,4.2,11.2,11.1,5.4,5.4,13.8,0,20.3,13.3,10.8,0.9,18.3,2.8,5.9,0.8,7,2.6,0,5.8,2.1,0,2.2,2.1,1.8,0.4,0,12.7,0.4,0.2,,1.8,1.1,1.9,12,10.9,2.4,0,1.6,8.3,16.6,0,25.8,3.4,26.7,6.8,6.1,5.7,6.4,8.5,4.6,5.3,4.4,13.9,9.4,3.4,4.4,6.3,21.8,7,24.4,3.5,1.4,0.6,6.2,7.9,5.2,6.7,0.8,1.5,4.2,6.5,5,6.3,0,10.4,patients,FIMM,FO4B
AML_021_02,0,3.9,0.2,32.2,0,0,,0,13.7,10.5,0.6,5.4,13.5,6,16.3,11.3,10.6,0,12.2,0,4.3,0,0.4,2.9,0,4.1,0,0,0,2.5,0,1.3,0,13.4,0,0,,0,0,0.8,14.7,5.8,0,0,0.2,5.4,15.6,0,16.4,0,28.1,1.9,0,5.5,8,7.4,0.1,4.9,1.8,0,10.4,0,0,31.8,35.3,1.1,23.3,0,4.6,0,3.2,4.3,3.4,0,1.8,0,0,4.1,1.7,0,3.7,5.2,patients,FIMM,FO4B
AML_076_01,3.3,2.7,3.2,16.2,1.1,3.7,,9.6,8.8,10.7,4.5,3.5,11.7,1.5,19,10.7,8.3,0,19,2.9,5.8,0.1,5.3,1.1,0,6.6,0.3,0,6.7,1.6,1.7,0,0,13.4,0.7,0.3,,0,0,1.9,11.2,9.3,1.5,0,1.7,4.3,13.2,0.2,25.8,1.6,20,4.9,3,3.5,1.9,1.6,5.1,3.7,3.5,12.1,7.1,0.9,2.3,16.5,26.5,5.7,21.8,2.6,4.9,0.1,3.8,8.9,3.9,7.7,1.7,1.5,3.8,8.1,2.3,5.6,1.8,6.5,patients,FIMM,FO4B
AML_077_01,0,11.9,1.1,0,0,0,,2,11.1,10.6,3.7,7.6,11,0,23.3,14.7,10.7,0,19.1,2,6.4,0,14.2,4.5,0,8.6,0,0,3.4,2.2,0,0,0,16.1,6.2,0,,0,4.8,1.8,16.5,8.9,4.1,0,0,10.4,16.6,0,18.4,0,26.8,3.6,4.5,2.9,8.4,4.4,3.7,6.6,4.3,2.2,11.2,2.7,1.5,26.6,33.5,5.5,24.5,0,0,0,6.2,9.2,10.9,1.3,0,0,4.6,9.1,3.8,4.4,7.5,10.9,patients,FIMM,FO4B
AML_078_01,10.1,10.9,3.8,25.5,1.4,1,,2.6,13.1,12.5,9.4,0,14.2,4.6,23.7,15.5,3.8,0,23.5,3.3,8.7,1.9,3.2,0,0.3,0,0,0,7.5,4.1,6.2,0.2,0,14.7,1.3,1.2,,0.2,0,0.2,16,6.9,0,0,2.4,8.3,17.9,0,24.5,0.1,24,1.3,0.5,4.7,16.6,7.6,1.8,13.4,1.1,5.1,3.9,0,11.5,37.1,38,10.9,27,0,7.9,0,3.2,14.9,2.7,17.5,5.4,4.3,0,11.5,2.8,5.2,2.8,2.7,patients,FIMM,FO4B
AML_041_02,3,5.5,1.1,24.4,6,2.4,,15.7,12.4,8.5,5,6.8,17.2,5.6,25.6,15.3,5,0,16.1,3.1,3.8,2.1,10.2,4.8,2.2,18.1,0,0.5,2,6.8,0,0,0.9,19.7,0,1.7,,0.2,2.3,1.5,21.1,13.3,0.9,0,2.4,5.6,18.2,0,24.6,1.7,30.6,6.2,9.9,7.8,15.2,8.9,5.8,16,1,3.7,7.3,0,1.1,13.9,28.6,10.4,24.3,2.6,12.9,2.8,3,19.9,5.7,4.3,0.4,2.1,2.2,3.7,10.1,9.1,0,7,patients,FIMM,FO4B
AML_079_01,0.9,7.9,0.2,21.8,0,6.3,,2.5,5.7,16.2,1.7,3.2,10.4,6.3,21.1,10.8,9.3,0,13.6,2.6,3.9,0,9.8,2.6,0,16.3,0,0,0.5,3,0,0,0,18.6,5.8,0,,1.6,0,1,18.1,8.2,1.1,0,3.7,6.9,15.5,0,11.9,0,25.9,3.6,0,4.2,1.6,4.4,3.2,2.5,2.4,2.1,8,0.8,0.3,27.5,34.8,2.5,21.5,0.1,10.4,2.3,2.3,9.8,11.2,4.5,2,0,0.4,4.8,3.1,3.4,5.8,6,patients,FIMM,FO4B
AML_080_01,0,3.1,0.5,23.9,0.1,0,,6.6,15.7,10,1.6,1.8,12.2,5,23,10,10.4,0,14.6,4.1,2.2,0,4.6,0.6,0,8.2,0.4,0,1.6,2.6,0,0,0,16.6,0,0,,0.9,0,2.3,19,8.1,0.2,0,2.5,5.8,15.9,0,20.9,0.4,26,2.6,0,6.6,7.7,5.9,4.3,7.2,4.9,1.2,12.3,0,0,23.1,32.3,5.9,23.3,2.9,5.4,0,1.3,7.5,3.3,0.4,0.6,0,1.9,4.4,0,0,2.7,5.8,patients,FIMM,FO4B
AML_081_01,3.8,1.2,1,23.8,0.8,5.5,,7.4,10.6,9.7,3.2,5.9,6.6,1.1,20.4,9,8.1,0,10.8,0,3.7,0,4.6,5.3,0,4.7,0.4,0,0.5,0.8,0,0,0,14.9,0,0.9,,0.4,0,1.5,15.2,8.6,5,0,0.1,3.8,12.5,0.3,23.6,1.2,25.2,4.1,0,1.8,9.1,2.5,6.2,8.3,2.2,3.7,8.1,1.2,1,20.1,32.5,4.3,22.8,1.4,4.4,5.8,2.9,4.6,2.2,10.2,0.2,0,1.8,4,1.3,2.2,3.7,3.4,patients,FIMM,FO4B
AML_082_01,5.1,8.2,1.4,22.2,3.9,7.3,,11.1,10.2,13.5,8.5,3.9,11.5,4.3,21.5,13.2,8.7,6.9,26.6,4.5,7.3,0.6,6.1,1.2,0,14.4,0,0,17.1,2.7,2.6,0,0.1,14.8,0,1.7,,0,0.2,4.9,11.8,9.4,0.5,0,4.5,7.9,16.7,0,36.6,3.7,24.4,5.8,2.1,7.6,24.9,2.3,7.1,22.5,1.4,3.6,4.5,0,2.7,16.5,28.5,13.1,26.2,0,18.2,0,4.6,16.9,4.5,8,5.1,3.5,9,8,5.6,1.6,4.5,7.8,patients,FIMM,FO4B
AML_025_02,0,3.4,1.4,24.7,0.4,4,,0,8.7,10.2,1.1,3.1,7.4,3.5,16.8,10,10.7,0,8.7,2.4,2.9,0,4.2,1.9,0,6.3,0,0,0.3,2.1,0,0,0,4.9,0,0,,0,0,2.4,6.7,8.4,0.1,0,2.6,8.3,11.6,0,20.9,0.3,26.6,2.5,2.2,4.3,2.6,4.6,0.3,3.1,2.9,0.8,5.2,0.7,0,20,32.3,4.8,21.5,0.1,8.6,0.1,3.4,8.2,6.1,0.8,0,0,1,4.4,0.5,0,8.2,4.7,patients,FIMM,FO4B
AML_083_01,4.4,7.3,0.9,26.9,0.4,0.2,,5.9,2.8,10.3,7.2,5.9,3.9,3.6,19.3,9.3,8.3,2.5,8.7,1.9,2.7,1.7,3.8,4.4,0,6.1,0,0,6.4,3,1.7,1.7,0,6.2,0,0.7,,0,1.3,1.7,5.4,10.7,5.2,0,1.6,5.6,16.9,0,25.1,1.3,29.3,5.5,2.4,4.2,0,1.9,6.2,6.7,3.4,3.9,0.8,3.6,2.7,7.5,33.7,2.7,23.6,0,8.8,0,6.6,8,2.2,5,4.5,1,6.7,4.2,3.3,2.8,15.3,6.8,patients,FIMM,FO4B
AML_084_01,0.8,8.5,2.7,31.2,4.6,0,,0.5,14,11.4,2.7,7,18.9,8.9,26.9,14.4,14,2.6,14.9,4.7,6.4,2.1,1.5,4.5,0,4.4,0.2,0,0.4,5.3,0,0,0,16.1,0.1,4.5,,0,0.1,2.3,16.7,9.5,0.9,0,4.9,5.3,14.9,0.6,19.9,0.1,25.3,2.3,8.9,10.8,5.9,14,1.9,6.6,1.4,0.1,6,3.8,1.6,18.2,29.4,9.7,20.8,0,9,0,3.4,14.2,4.4,6.1,3.7,0.8,0.6,7.1,1.3,2.2,2.6,12.2,patients,FIMM,FO4B
AML_006_03,0,10.5,1.1,22.3,0.1,0,,3.9,14,8.5,3,4,13.4,4.4,22.3,13.8,10.3,0,11.7,1.4,5.3,0,4.9,2.2,0,7.3,0.4,0,7.6,3.3,0,0,0.5,16.6,3.2,0.6,,0,0,1.4,16.3,9.2,2,0,0.4,4.7,16.2,0,20.3,0,29.4,4.3,4.9,8.1,7.8,5.8,2.5,6.4,2.3,0.7,15.2,0.7,0.4,20.7,26.3,4.5,22.5,2.6,5.6,0,2.6,9.5,9.1,0,0.4,0,6.3,4.8,5,1.2,1.9,11.3,patients,FIMM,FO4B
AML_085_01,4.9,5.8,3,21.6,0.9,0,,0,11.5,9.9,6.2,3.9,10.4,3.7,20.9,13.7,8.7,4,12.7,0.9,4.9,1.1,1.8,2.1,0,13.9,0,0,7.1,3.1,2,0,0,4.6,0,0.9,,0.1,0,0.8,6.9,6.7,0,0,2,5.7,15.4,0,24.2,2.4,25.7,3.2,1.8,6.8,5.2,7.8,1.9,5.7,2.1,4,3.2,1.5,5.1,22.3,30.9,5.4,22.2,2.1,8.5,0,4.8,11,1.5,9.4,2.7,1.7,1.1,5.4,2.3,2.9,4.6,5.6,patients,FIMM,FO4B
AML_060_02,0,2.5,2.4,25.8,2.5,0,,6.8,11.2,10.2,5.8,7.9,13.7,4.2,23.3,10.3,8.7,0.5,9.4,1.3,1.8,1,1.3,6.7,0,2.9,0,0,4,2.4,0,0,0,20.1,0,0,,0,0,1.3,18.1,9.5,2.8,0,1.3,4,16.6,0.3,20.4,0,28.9,2.8,8.3,5.8,11,5.4,3.1,9.8,3.6,0.6,9.2,4.9,0.3,15.7,31.4,5.1,23.4,2.7,5.8,0.3,4.2,9.1,4.5,0,1.6,0.4,7.2,2.7,5.4,2.5,7.5,7.3,patients,FIMM,FO4B
AML_086_01,8.5,13.1,5.9,29.4,10.9,0,,2.3,11.6,14.5,10.9,1.7,16.8,5.7,26.7,21,12.3,6.7,26,7.3,11.1,10,3,0,1,3.4,0,0,15.1,8.5,5,0,0,17.3,1.7,4.6,,2.1,0,5.3,14.6,8.8,0,3.9,3.5,9.6,16.5,0,27.4,3.3,29.3,5.8,1.5,8.2,7.8,12.7,6,3,3.9,29.6,5.2,0,8.6,38.3,41.2,13.1,30.1,2.9,5.5,0,7.6,17.5,4.5,19.8,10.1,4.3,3.3,13.4,2.8,6.2,4.5,10.6,patients,FIMM,FO4B
AML_087_01,0.1,6.2,0,19.8,0,0,,0,8,8.1,6.2,3.8,7,3.5,19.9,12.2,9.5,6.7,18.8,4.4,3.2,0,5.5,0,0,3.7,0,0,0,0.4,0,0,0,16.8,0,0,,1.8,0,2.4,14.1,4.7,6.2,0,0.2,7.4,15.2,0,23.3,0.4,27.4,3.4,0,2.9,3.2,0.3,1.4,2.5,1,7.9,9.8,0,1.2,20.8,27.5,2.3,22.8,0,5.8,0,5.3,3.6,4.7,4.8,1.5,0,6.9,5.8,1.1,2.1,8.9,4.6,patients,FIMM,FO4B
AML_085_02,0.2,6.7,1.2,27.8,0.8,3.1,,0.2,10.2,10.8,3.1,4.6,12.8,4.6,22.2,10.5,9.8,3.3,15.2,2.6,4.8,0,6,2.4,0,16.1,0,0,6.1,3.2,0,0,0,13.1,1.7,0,,0.5,0.1,1.6,12.3,9.1,2.1,0,3.1,5.1,15.1,0,18.6,1,27.2,3.2,5.3,8,6.2,9.9,3.3,3.3,1.6,1.8,3.7,3,1.8,20.4,32.9,6.6,22.7,0.5,11.8,0,5.7,11.6,6.9,4.1,2,0,1.9,6.9,2.8,2.1,8.8,6.3,patients,FIMM,FO4B
AML_088_01,2.7,6.6,0.7,23.7,8.4,0.3,,12.4,6.6,12.7,8.8,6.2,8.9,2,23.2,14.7,16.8,5.2,14.2,1.2,5.5,5.2,2.9,2.3,0,5.1,0.4,0.7,13.9,7.9,0,0.1,0,13.9,0,2.9,,1.3,0,4.2,13.6,14.7,2.2,3.1,2.3,6.4,16.8,0,25.4,1.7,32.4,8,8.3,7.2,7.3,0.7,7.5,4.4,3.6,27.1,4.1,3.8,2.7,8,33.5,7.7,24.7,6.5,6.5,2.9,3.9,9.4,2.3,7.7,8.9,3.2,7.6,5.1,6.4,5.2,7.1,15.1,patients,FIMM,FO4B
AML_089_01,3.8,7.5,2.7,21.1,2.2,2.2,,4.6,12.5,10.3,8.9,4.3,13.2,3.4,21.4,13.1,10.4,5.8,15.6,3.4,4.7,0,7.4,2.2,0,10.2,0.5,0,7.7,2.4,1,0,0,17.2,7.4,0.7,,0,0,3.6,17.5,7.2,0.6,0,3.8,10.4,16.5,0,23.9,1.4,28,4.2,0,6.5,18.6,10.4,4.1,16.4,2.8,0.6,9.3,0,2.2,18.3,28.1,9.4,22.6,0,9.1,0,4.9,13.9,8.6,9.6,1.6,2,2.9,6.1,4.2,1.8,4.4,5.6,patients,FIMM,FO4B
AML_022_02,0,6.7,0,20.8,0.3,0,,0,8.9,8.4,2.5,3.5,10.1,0.6,23.3,13.6,9.6,0,17.5,3.8,5.5,0,5,0,0.3,5.1,0,0,0,4.5,0,0,0,21.6,2.9,0,,0,0,0,19.7,5.5,2.1,0,0,2.9,15.7,0,25.6,0,21.2,3.7,6.7,1.7,15.8,4.5,1.6,10,4,8.4,17.5,0,0,14.9,29.9,2.3,24.3,0,7.3,0,0.4,5.4,8,0,0.2,0,7.8,10.8,4.4,0.3,4.3,4,patients,FIMM,FO4B
AML_090_01,0,2.3,1.7,20.6,1.3,0.7,,6.9,7.7,9.2,2.6,4,7.2,0,22.2,12.4,8.7,0,16.5,2.7,6.8,0.9,2,0.8,0,4.2,0,0.1,0,2.3,0,0,0,17.2,0,0.4,,0,0.8,4.7,17,9.1,2,0,1.4,4.3,16.2,0,26.7,0,27.3,3.6,7.2,3.8,10,3.9,5.5,10,1,2.1,8.3,0.8,0,25.3,27,6.2,20.7,4.5,6.6,0.5,4.4,6.1,5.1,0.7,0,0,4.6,7.3,3.8,0.2,1.4,6.1,patients,FIMM,FO4B
AML_091_01,0.5,5.2,2.2,23.2,1.8,0,,3.3,10.5,8.8,2.8,5.5,11.6,0.4,20.6,16,11.3,0.1,17.3,3.3,6,1.2,5.2,3.2,0,7,0.3,0,0,1.2,0,0,0,14.5,2.7,0.1,,0.2,0.3,0,16.2,9.8,3.7,0,0.6,6.5,15.4,0,21.7,0,25.5,4.1,4.1,3.4,6.9,5.8,4.2,6.4,4.9,8.2,7.7,0,1.1,21.9,33.5,2.9,24.3,0.6,6,0,3.1,7.6,9.7,0.8,0.7,0.1,4.8,8,4.8,2.2,10.6,11.3,patients,FIMM,FO4B
AML_092_01,0,4.8,0.2,19,2.7,0,,3,8.5,6.1,5.6,5.5,7.9,2.9,18.4,11.5,13.7,2,14.5,2.5,4.2,6.3,2.9,5,0,3.6,5.2,0,6.9,3.2,0,0,0.1,14,0,1.1,,2.4,0,1.8,14,10,0.3,0,2,3.8,13.3,0,17.4,0.1,29.2,1.7,8.5,5.9,11.1,4.6,3.3,7.7,0.4,9.6,6.6,1.9,0,19.6,27.7,6.2,21.9,7.9,8.7,2.8,2.5,5.6,1.9,1.9,2.2,1.6,0.6,3.9,6.5,10.2,4.4,7.2,patients,FIMM,FO4B
AML_069_02,0,6.8,4.6,23.1,0,1.1,,0.3,9.5,10.6,0.4,2.7,7.1,5.6,16.8,9.6,9.3,0.2,15.2,4.5,2.2,0,8.2,1,0,4,0.6,0,5.7,3.3,0,0,0,12.3,4.4,1.7,,0,0,1.8,10.5,6.6,3.7,0,1.3,4.6,12.8,0,20.9,3.1,29.2,1.1,0,6.1,2.1,9.3,1.4,0.1,0.4,0,7,0,0.3,24.3,30.5,1.7,22.9,0.8,7.2,0,3.7,6.7,10,3.9,0,0,0.8,5.1,1,0,4.2,2.9,patients,FIMM,FO4B
AML_093_01,0.8,2.6,0.9,15.3,1.4,7,,5.2,6.6,8.3,6.2,4.9,10.3,1.4,12.4,10.7,7.6,4.2,12.7,1.1,6,1.8,5.5,0.9,0,3.1,3.6,0,0.7,3.9,0.8,0,0.1,9.6,0,1,,2.9,0,0.3,10.7,6.9,1,0,1.3,3.3,15.5,0,18.9,1.4,22.7,4.2,9.2,3.7,2.9,2.2,4.7,3.3,2.9,3.8,5.2,0,4,10.2,17.1,2.8,17.5,4.2,5.6,0,4.3,8,5.7,4.6,0,1.6,2.1,5.4,4,0,2.7,3.9,patients,FIMM,FO4B
AML_094_01,0.2,4.6,1,24.2,3.2,0.5,,3.1,13.7,8.8,1.2,5.7,8.5,4,17,11,10.5,0.6,5.9,1.6,4,0.2,0,2.8,0,5.7,2.5,0,5.1,1.7,0,0,1.7,6.3,1.6,0,,0,0.2,3,7.6,8.7,0,0,1.8,4.6,12.4,0,2.4,0.7,28.5,3.2,1.1,5.5,8.9,2.5,1.9,3.4,2.5,1.7,5,0,0.8,23.3,30.8,4.8,21.8,0.3,9.3,0,2.5,10.9,5.9,1,0.8,0,2,4.4,4.9,0.1,3.7,5.7,patients,FIMM,FO4B
AML_095_01,0,0,0,12.9,0,0,,0,1.1,5.9,0.6,2.2,0,0,10.7,0.4,6.9,0.6,1.6,0,0,0,0.9,0.1,0,0.6,0,0,,0,0,0,0,2.2,0,0.4,,0,,1.3,0,3,0,0,0.6,0,9.8,0,11.9,0,20.2,1.4,0,0,0,3.5,1.8,0.5,0,12.3,1.9,0.9,0,18.7,18.4,2,12,0,3.3,0,0,1.1,0,4.8,0,0,0.1,0,0.1,0,0,1.2,patients,FIMM,FO4B
AML_093_02,5.4,6.2,2.3,19.1,5,12.2,,6.6,11.8,10.6,7.5,6.1,11,5.6,19.6,13.6,9.6,5.3,20.6,3.1,8.8,0.5,5.9,3.1,0.7,10.4,4.3,5.2,1,3.6,1.3,0,1.7,15.1,1.6,1.1,,0.5,0.5,1.8,21.6,9.7,3.1,0,1.9,7.3,14.3,5.3,28,3.6,23.6,7.8,3.5,2.4,13.5,4.2,6.8,3.5,3.9,0,6.8,1.6,7.9,14,23.5,3.1,22.5,8.4,7.9,0.3,5.7,9.1,8.2,6.8,1.7,4,6.4,9.2,3.8,4.2,4.3,9.9,patients,FIMM,FO4B
AML_096_01,0.6,14.9,0.4,25.1,0,0,,4.8,15.9,9.8,2.5,2.3,15.9,5.5,21.3,15,10.2,1.2,19.2,4.4,6.9,0,8.7,1.4,0,8.4,1,0,0.1,2.2,0,0,0,12.1,8.4,0.5,,0.2,0,2.5,14.9,9.2,1.5,0,0.5,9.4,16.7,0,25.2,1.2,21.2,2.3,1.9,6.3,4.5,8.6,1.9,4.2,2,0,11.6,0.2,0.3,30.2,32.4,5,24.2,0.2,7.4,0,4.2,8.1,16.3,4.1,0.7,0,3.5,8.2,4.3,0.8,2.5,8.8,patients,FIMM,FO4B
AML_082_02,1.9,4.9,0.2,20.1,0,2.4,,7.6,11.8,14.2,6.4,2.5,11.9,4.2,23,10.5,5.5,4.9,24.3,9.1,5.8,1.5,10,0.7,0,9,2.5,0,8.7,1.4,3,0.9,0,18.5,5.6,4.5,,0.2,0,5.3,15.4,10.2,0,0,0.3,4.3,16.6,0,30.9,0,23.7,2.6,3,4.5,17.8,2.8,4,17.8,0.1,19.5,7,0,0,25.3,32.3,6,23.3,0,15.7,0.2,4,15,7.6,8.4,0.9,0.6,10.6,7.6,4.4,1.3,2.1,9,patients,FIMM,FO4B
AML_097_01,0,0,0.3,14.5,2.1,1.8,,9.8,7.8,8.1,0.6,4.2,9.5,1,20,7.4,6.3,0.1,11.8,7.4,0.5,0,4.4,1.2,2.5,8.2,2,0,3.3,0.3,0,0,0,17.3,0,1.3,,0.6,0,0.1,16.9,12.6,1.2,0,0,6.2,13.6,0,23.2,2.5,28.4,2.5,5,2.1,10.2,3.9,6.8,11.4,1.2,7.8,3,0,0,13.3,20.3,8.2,17.6,3.1,10.3,0,4.5,9.1,2.4,1.3,0.3,0,2.9,0.7,5.2,7.7,0,0,patients,FIMM,FO4B
AML_098_01,6,8.4,1.1,23.7,2.4,0,,0,12.9,11.2,7.6,4.5,13,5.3,24.6,16.9,9.8,4.9,21.7,5.1,6.6,0,5,1.9,0,10.4,1.7,3.5,0,1.9,4.9,0,0,23,0.4,0,,0,0,1.6,24.9,10.1,0.4,0,1.5,6.8,15.8,0,20.8,0,30.9,1.6,5.8,7.5,12.1,6.8,3.1,7.2,1.4,16.4,7,0,5.7,13.3,32.5,9.9,25.5,4,7.3,0,2.9,10,6.1,13.9,1.5,0.9,6.4,8.3,1.6,2.7,1.5,11.3,patients,FIMM,FO4B
AML_099_01,0.4,10.1,2.6,30,5,0,,6.1,17.8,10,5.9,8.1,19.2,9.6,24,19.2,15.1,5.2,23.6,8.4,9,1.2,9.8,6.1,0.4,9.3,2.6,0,8.1,5.3,0,0.4,0,20.5,6.8,2.8,,0,0.7,2.8,21.8,10.9,3.6,0,5.6,9.5,16.4,0.2,25.4,0.1,26.8,5.5,11,7.2,16,8.9,5.5,15,2.3,2.9,11.1,0.3,1.4,27.8,34.7,9.6,25.3,7.5,8.8,0,6.2,11.9,7.8,0.3,3.2,0.9,5.7,10.2,7.7,8,6.3,12.7,patients,FIMM,FO4B
AML_100_01,0,7.9,3.1,28.8,7.1,8.3,,2.1,16.4,13.3,3.8,6.4,21.2,6.3,23.9,14.5,19.7,0,11.5,4,6.4,5.5,10.5,5.5,0.5,7.9,2.6,0,4.2,14.1,0,0,3,20.3,0.7,2.1,,0.1,2.7,0.3,21.7,11.3,0.4,0.5,2.1,6,16.4,1,22.7,0.2,30.6,2,15,11.2,8.9,12.2,0.8,11.6,5.9,6.6,11.9,6.4,0.2,24.5,34.4,10.1,23.6,5.4,8.5,2.2,2.9,15.4,7.4,0,7.2,2.3,1.8,4.4,4.3,7,10.3,17.1,patients,FIMM,FO4B
AML_101_01,0,4.6,1.5,22.6,0.8,3.1,,4.8,12.2,9.9,2,4.8,11.5,4.8,20.8,11.7,9.9,0.4,12.6,3.1,4.3,0,2.4,2.6,0,8.5,2.1,0,0,2.8,0,0.1,0,11.6,1.2,1.2,,0,0.1,1.3,12.1,9.6,0.4,0,3.1,6.5,14.3,0,22.2,0.1,29.5,3.1,3.8,4.9,8.4,6.4,3,6.6,2.3,9.2,6.4,0.2,0.4,19.4,28.3,6.4,22.3,1.7,8.5,0,2.8,11.1,4.3,1.4,0.1,0,5.9,5.3,4.6,1.8,4.6,7.6,patients,FIMM,FO4B
AML_102_01,0.4,6.3,1,17.6,3.3,3.2,,9.3,13.9,9.8,3.7,5.4,13,3,23.1,14.1,9.5,3.4,16.5,1.7,5.5,1.2,6.7,2.4,0,11.5,1.4,0,0,6.5,0,0,0,14.6,4.7,1.4,,0.4,0.3,2.9,18,12.3,0.6,0,2.6,8.1,14.5,0,24.9,0.2,29.3,5.9,8.2,4,10.5,3.6,5.8,8.7,2.5,15.1,12,1.8,1.4,21.9,24.9,5.7,20.7,2.6,9.8,0.7,4.6,12,8.3,5.1,0.8,0.4,8.2,4.4,5.9,4.4,2.5,10.4,patients,FIMM,FO4B
AML_103_01,3.7,5.4,0.8,21.8,2.4,1.3,,8.3,10.6,9.3,2.6,3.9,8.3,3.6,21.4,15.4,5.5,0,15.9,0,5.8,0.7,3.7,0.3,0,13.4,9.4,0,6.3,2.4,1.5,0,0,9.7,0,0.7,,0.9,0,1.2,10.4,11.5,0.3,0,0.6,7.3,14.9,0,23.8,1.5,25.6,5.4,1.3,6.7,14.2,2.5,5.6,11.7,2.9,3.6,1.7,0,2,12.4,29.3,7.9,26,0.4,15.7,0,4,15.3,2.3,5.2,2.1,2.1,9.2,5.8,1.2,3.4,3,8.2,patients,FIMM,FO4B
AML_104_01,0,5.8,0.5,21.4,2.6,1.9,,3.3,13.3,11.5,4.5,5,15.4,6.2,23.1,11.9,10.7,0,15.2,0.5,5.6,2.2,2.5,4.2,0,2.8,5.2,0,1.7,0.7,0,0,0,16.8,0,1.2,,0.8,0,1.2,16.7,10.4,0.2,0,2.3,8.2,17.3,0,19.4,3,29.5,2.1,2.8,8.7,12.7,9.8,4.1,7.1,2.5,3.2,10.6,0,0.2,23.1,33.7,8.6,24.4,5.2,7.4,0,4,9.5,2.5,1.7,0.9,0,4.9,5.7,4,1.3,10.8,8.8,patients,FIMM,FO4B
AML_105_01,0.2,7.2,0.4,23.5,4.3,1.8,,4.5,15.8,10.1,5.3,8.2,18.4,5.3,26.2,17.6,10.7,0,17.1,3.8,7.8,2.7,3.6,5,0,5.7,8.6,0,6.6,5.3,0,0,0,20.6,1.3,0.3,,0,0,2.4,22.1,11.5,1.7,0,2.8,5.6,17.8,0,24.4,0,28.7,4.8,11,8.7,14.8,9,4,12.2,2.1,1.5,11.8,2.6,3.2,20.8,34.4,6.2,24.1,5,7.8,0.2,6.2,14,6.1,2.8,2.4,1.1,4.1,8.7,6.9,7.6,8.5,10.7,patients,FIMM,FO4B
AML_106_01,0.1,23.8,1.2,18.7,2.5,3.8,,3.3,16.6,10.1,4.8,5.5,16.4,5.7,21.9,16.9,9.8,1.6,26.1,11.3,8.9,0,20,1.2,0,16.1,5.3,4,1.2,4,0,0,0,18.4,14.3,0,,6.7,0,1.6,17.2,12.5,4.3,0,2.6,12.5,16.1,0,24.6,3.7,24.8,1.8,5.8,10.8,9.8,11,2.7,7.7,1.8,0,17,2,1.8,29.2,32.5,12.7,23.7,5.9,8.3,0,3.1,11.8,18.3,7.2,0.6,0.5,5.9,11.3,5.4,10.2,10.2,16.2,patients,FIMM,FO4B
AML_107_01,0.7,0,0.8,15.7,0.5,0,,2.2,2.9,8.8,4.4,5,1.9,0.4,18.8,0,8.3,3.1,8.5,0,0.1,0,0.7,2.2,0,2.5,6,0.7,1.4,0,0,0,0,5.3,0,3,,0.7,0,0,5.5,7.7,1.1,0,1.6,6.2,13,0.1,21.5,2.2,26.7,2.4,0,2.6,0,0,2.7,2.1,0,4,6,2.7,1.8,23.4,26.6,4.6,19.9,0.4,5.4,0.5,2.3,4.2,0.1,9.1,0,0,0,0.7,0.4,0,0,3.3,patients,FIMM,FO4B
AML_108_01,1.4,15.7,0.6,19.5,1.5,6.7,,0.6,12.1,9.9,3.1,4.1,12.3,0.9,24,15.8,8.4,0,22.1,5.8,9.6,0,13.3,1.2,0,11.3,5,0,1.8,3.2,0,0,0,19.3,10.8,0.9,,0,0.7,0,18.9,9.7,3.1,0,0,5.6,16.3,0,15.3,0,22.8,1.9,4.6,2.1,10.3,7.6,2.1,7,2.5,2.4,16.2,0.7,2.2,26.2,31.7,6.3,23.2,0,6.9,0,2.3,9.5,15,3.6,2,0,6.8,12.3,5.4,1.9,3.7,11,patients,FIMM,FO4B
AML_023_02,0,2.7,0.1,15.6,0,0.7,,3.7,8,9,1.2,3.9,8.2,0.8,16.9,6.7,7.8,0,13.5,2.7,3.1,0,4,2,0,4.7,0.6,0,0,0.1,0,0,0,11.7,0,0,,0,0,1.6,10.9,8,2.6,0,0.6,4.2,12.2,0,19.8,0,25.5,3,0,1.6,0.4,4.5,3.1,1.9,2.1,0.2,5.8,0,0.2,23.8,20.3,6.2,16.1,3,5.5,0,1.5,4.2,3.6,0.3,1.2,0,3.4,4.5,0.6,1.1,0,4.5,patients,FIMM,FO4B
AML_109_01,0.3,18.4,0.4,21.3,0,0,,0.7,10.8,8.6,8.7,3.8,8.2,0.8,21,14.1,7.4,0,22.7,5.9,7.7,0,11.6,0.1,0,14.6,2.5,0.4,0,3.1,0,0,0,14.8,12,1,,0.1,0,1.3,14.3,8.1,0.2,0,0.6,7.2,16.9,0,24.4,0,22.7,1,0,4.9,9.8,1,3.1,9,2.7,2.1,20.6,0,1.5,29.1,32.1,4.1,23.1,0,4.1,0,3.9,7.6,17.5,4.5,1.8,0,6.1,10,4.8,1.2,9.3,10.6,patients,FIMM,FO4B
AML_001_01,0,7.2,0,24.2,4.8,0,1.5,0.6,17.3,8.2,5.1,5.1,16.8,8.3,21.3,12.8,9.1,0,13.9,0.9,5.4,4.1,3.4,2.5,0,3.5,0,0,8.8,7.8,0,0,0,7.7,2,0,5.7,0,0,1.5,15.6,10.1,0,0.2,4,4.9,17.4,0,13.8,0.9,28.5,3.1,14,7.9,20.9,5.5,2.3,18.2,0.8,2.4,12,0,0,21.5,28.3,5.9,20.3,5.1,7.8,0,3.1,8.8,4.1,0,1.3,2.2,3.3,7.8,7.5,9.8,3.5,9.6,patients,FIMM,FO5A
AML_002_01,0,0.5,0,14.6,0,0,1.6,1.3,4.7,6.2,0.8,2.8,7.3,1.9,11.1,3.4,7.9,0,7.9,0,1.2,0,0.8,0.6,0,2.4,0,0,0.2,1.8,0,0.1,0,0,2.1,0,0,0,0,0,5.2,6.7,0,0,0.6,2.4,12.2,0,12.1,0,19,1,1.2,0.8,6.8,1.7,0.8,3.8,0,8.5,4.7,0.3,0.3,24.3,17.1,3.8,12.2,0,5.5,0,1.1,2.4,1.8,0.3,1,0,0,1.5,0,0,1.7,4.5,patients,FIMM,FO5A
AML_003_01,5.8,8.1,1.9,19.6,7,,6.6,1.4,14.7,12.2,10.5,10.7,18.2,7.7,24.9,16.5,13.3,0,24.6,0,8.4,10,5.4,4.9,2.1,13.2,5.1,0.2,2.5,13.6,1.2,0,0,,5.6,5.1,7.5,2.7,3.2,1,,10.3,3.3,0.4,1.7,6.5,,0,,0.2,28.7,3.5,12.4,9,14.8,5.1,3.5,11.4,5.6,20.4,11.4,5.1,8.2,,30.1,5.7,22.5,9.7,4.9,4.9,5.6,15.1,7.5,9.3,5.8,10.1,4.5,12.1,13.6,17.3,,12.9,patients,FIMM,FO5A
AML_004_01,0.9,20.4,0.3,20.7,3.4,0,6,0.6,10.1,9.5,5.2,1.2,15.2,1.2,22.9,17.4,9.6,0,22.7,7.5,9.9,0,13.9,0.5,0,13.7,0,0,4.8,7.3,0,0,2.1,18.5,12,0.7,5.8,0,0,0,18.3,8.9,0,0,0,9.4,17.4,0,25.1,3.5,22.6,0.9,1.7,0,9.6,5.3,2.3,6.6,1.8,3.1,16.6,1.2,3,26.2,27.9,2.6,19.6,0,4.7,0,3.1,11.1,18.3,2.8,0,0,5.5,15.5,5.5,2,11.3,15,patients,FIMM,FO5A
AML_005_01,0,0,0,11.6,1,0,0.1,7.4,0.7,7.1,0,0.3,2.5,0,15,1.9,3.7,0,3.9,3.8,0,0,2,0,0,0,0,0,2.2,0.8,0,0,0,4.7,0,0.5,0.7,0,0,0.2,0.4,6.2,0.2,0,0,0.2,15.7,0,11.6,0,27.1,3.4,0,0,0.5,0,4.4,0,0.9,24.4,0,0,0.8,2.7,13.7,0,14.2,0,2.5,0,2.3,0,0,1.1,0.3,0,3.3,0,0,0,0.1,0,patients,FIMM,FO5A
AML_006_01,0,8.9,0.5,19.7,1,3.2,2,2.7,12.5,9.7,1.8,2.7,13.3,4.5,21.6,12.9,10.9,0,12.6,3.9,4.6,0.3,3.8,0.7,0,5.8,0,2.2,3.3,1.2,0,0,0,16.6,2.2,2,1.2,0,0,1.2,15,9.2,1.5,0,0.6,8.4,17.1,0,23.5,0,29.6,2.3,0,3.9,8.8,8.7,1.9,5.2,4.6,3.8,16.1,0,0.9,18.4,24.6,4.2,21.4,0,7.8,0,2.6,8.2,6.8,0,2.2,0,5.1,6.1,3.8,0.5,2.5,9.3,patients,FIMM,FO5A
AML_007_01,0.4,0.2,0,14.5,0,0,0.3,1.1,9.3,14.1,2.7,4.4,8.9,1.6,18.1,4.9,7.3,5.8,8,3.3,4.1,0.6,1.1,1.3,0.7,0.9,0,0,0,2.2,0,0,0,9.4,0,2.3,0,0.4,2.1,0.8,4.2,6.9,0,0,1.3,3.3,14.6,0,15.8,0,23.1,0.4,1.4,0.4,5,0,1.2,6.5,1.5,8.4,7.7,0,1.8,28.3,21,0,14.9,1.3,8.8,0,4.1,4.3,2,2.9,1.5,0.1,1.4,8.7,1.6,0.1,5.1,4.2,patients,FIMM,FO5A
AML_008_01,12.9,11.1,5,22.7,7.5,0,4.7,0.2,15,15.8,10.8,3.3,8.8,5.5,25.1,18.2,8.1,9,23.9,11.2,12.1,10.2,1.1,0,2.3,3.5,0,2.5,11.4,10,5.8,0,10.8,17.3,0.8,5.2,7.7,1.2,1.1,2.1,14.8,5.1,0,1.7,0,8.2,16.9,2.5,27.2,0,27.8,3.5,2.7,3.2,7.5,5.2,2.5,5.5,5.5,31.9,5.8,0,18,42.1,33.1,5.5,24.9,4.8,7.1,0,4.6,14.5,5.3,21.3,5.2,7.1,0.3,15.4,5.9,7,8,4.4,patients,FIMM,FO5A
AML_009_01,0.5,5.4,2.1,20.9,1.4,0,0,0,10,9.6,0.8,5.4,9.5,3.2,19.6,8.7,11.1,0,13,4.9,3.5,1.2,3,1.1,0,3.5,3.6,0,3.3,5.2,0,0,2.2,12.4,1.1,0.1,0.7,0,0,2.3,10.1,8.6,1.1,0,0.2,6.6,17.2,0,20,0.1,27.5,0.3,0,5.3,7.3,3.1,0.7,7.5,1.6,0.5,8.1,0,0.9,23.9,25.4,2.6,20.1,0,8,0.8,3.4,8.7,7.6,0.6,1,0,2.8,6.9,1,2.6,8.7,5.7,patients,FIMM,FO5A
AML_010_01,0,4.3,0.9,18.3,7.6,0,1.4,9,13.5,12,1.4,5.7,9.4,2.2,24.1,13.4,8.4,1.9,17.3,2.2,5.5,3.8,1.2,1.3,0,16.1,0,5.7,3.2,8.2,0.4,0,0.2,13.4,0,4.3,7.3,0,0,2.9,10.8,12.8,0,0,2.3,7.7,15.2,0,21.1,0.1,30.4,5.3,0.8,8.4,8.7,7.1,8.5,9.3,1.5,19.5,8.2,0,2,15.6,20.4,4.5,21.1,4.9,12.2,1.2,2.1,18.8,5.7,0.1,0.6,0.3,5.7,8.2,1.8,4.3,4.9,4.3,patients,FIMM,FO5A
AML_011_01,0,8.1,1.3,21.9,2.5,0,2.5,0,17.4,8.6,4.3,6.9,17.8,5.7,25,17,9.6,1.4,19.2,1.5,7.3,1,5.2,2.4,1,4.2,0,5.7,8.1,3.4,0,0,0,20.2,0,3.1,5.2,0,0.5,0.9,19.3,9.6,2.7,0,1.6,7,17,0,19.2,0.2,28.9,3.8,7.3,10.3,18.6,8.6,2.4,12.7,0.7,1.1,12.1,0,2,16.1,24,8.3,21.3,4.2,7,0,3.6,12.6,5.1,1.1,1.3,0.4,4.7,11.1,7.4,4.8,2.9,11.9,patients,FIMM,FO5A
AML_012_01,5.7,14.7,5.9,26.4,8.9,0,5.1,2.4,12.2,14.6,10.4,6.5,13.2,6,24.4,19.6,9.7,7.3,20.7,,9.1,6.7,6.3,1.4,3.9,4.7,0,7.6,,11,2.1,0,0,17.2,4.6,4.8,5.9,0,0.4,3.4,14.8,9,0.9,4,1.1,10.8,16.5,0,22.3,0.5,,3.9,2.3,7.7,7.7,,6.1,4.9,2.8,27,,0.1,10,30.4,31.6,10.3,24.3,4.2,7.8,0,5.4,16.8,6,15.1,6.1,5.8,,13.4,4.3,8.2,6.9,10,patients,FIMM,FO5A
AML_013_01,3.1,12.1,1.4,18.2,5.8,7.1,4.4,8.6,10.6,9.5,9,5.2,8.8,2.9,23.2,15.5,8.6,5.3,24.6,8.7,8.6,4.1,10.6,0,0.1,12.3,0,0.7,0.4,4.9,0.4,0,0,16.3,8.2,3,4.8,0,0.1,1.9,14.9,9.7,0.4,0.7,1.4,7,15.3,0,26,0,31,4.5,0,3.5,11.3,2.2,6.8,8.7,2.8,36.3,21.6,0,4.3,27.8,24,4.3,23,0,8.8,1.4,3.6,12.4,17.9,5.8,1,2.6,7.7,14.6,6.5,3.8,0.6,9.4,patients,FIMM,FO5A
AML_014_01,0,7.5,1.1,18.3,6.5,0,1.5,10.3,12,10.8,5.5,9.2,12.1,3.6,22.8,10.6,11.3,1.1,15.7,5.7,4.9,0,4,4.5,0,11.2,0,0,1.3,16,0,0,0,15.4,4.9,3.1,4.7,0,0.5,1.1,11.2,10.8,0.8,0,1,6.7,15.2,0,26.3,0.5,29.4,3.4,8.5,8.5,8.7,2.7,6.3,4.8,1.6,14.9,9.8,2.9,2.1,24.2,24.8,4.7,18.2,5,9.5,2.9,3.5,10.1,8.2,2,1.5,0.6,5.1,7.5,5.8,11.3,8.3,12.5,patients,FIMM,FO5A
AML_015_01,0,10.6,3.5,22.5,3.9,1.6,6.2,6,10,8.9,5.2,4.6,10.6,3,19.7,18.3,10.4,3.5,22.3,6,9.7,0,4,0.8,0,16.8,0,0,5.7,0.6,0,0,0,6.6,0,2.4,3.5,0,0,1.8,5.6,8.4,0.9,0,0,7.2,17.7,0.8,26.4,0.2,28.5,1.9,3.7,4.5,5.6,1.2,5.5,5.4,4.4,7.1,12.3,3.1,0.1,20.8,29.8,4.9,22.9,0,12.8,0,3.1,16.7,2.7,0,0.6,0,8.5,11.8,4.7,1.6,13.4,13.1,patients,FIMM,FO5A
AML_016_01,0,0,0,12.8,0,0,2.5,0,5,7.9,1.9,4.5,3.3,0.1,13.1,7.4,8.4,0,10.7,6.3,2.3,0,1.1,0.1,0,2.9,0,0,2.3,2,0,0,0,8.7,1,0.1,1.2,0,0,0,5.8,6.5,0,0,0,4.8,15,0,13.9,0,20.4,1.2,0,0.9,3,1.3,1.5,3.9,3.1,9.3,6.4,0,0.4,18.7,15.9,0.8,13.4,0,2.6,0,0.5,3.5,2.6,0,0,0,3.1,9.2,0.7,0.5,2.8,2.1,patients,FIMM,FO5A
AML_017_01,2.2,18.7,3.4,17.1,4,0,2.8,1.6,12.1,9.7,6.6,5.6,14.8,5.1,22.7,16.4,11.9,0.5,20.8,3.1,8.1,0.8,10.1,0.6,0,16.8,0,0,1.8,5.9,0,0,0,19,13.8,1.4,4.1,0,0,0,18.2,10.3,0.5,0.2,0.2,9.2,16.4,0,22.8,0,30,1.7,1,6,7.2,6.2,2.1,4.2,3.7,6.6,14.4,0.2,3.1,28.6,23.2,5.1,21.8,2.3,9.2,0,2.5,15.5,12.3,7,3.4,1.6,6.9,11.1,6.9,3.8,8.2,12.3,patients,FIMM,FO5A
AML_018_01,0,1.6,0,19.7,0.1,0,2.6,0.5,7.9,9.7,2.6,6.2,9,0.1,17.4,9.1,8.6,0.2,14.8,2.2,3.9,0,2.5,0.4,0.4,0.1,0,0,0.8,0,0,0,0,16.8,0,0,0,0,1.7,1.4,13.8,8.3,0,0,0.8,8.5,16.7,0,18.7,0.1,27.6,1.3,0,3.2,3.6,0,2.3,6.5,1.4,9.8,6.9,0,0,17.6,24.8,3.1,20.1,0,4.9,0,2,6.4,4.4,0.3,0.5,0,3.2,8.6,1.1,0.3,7.4,4.1,patients,FIMM,FO5A
AML_019_01,2.3,4.7,2.5,23.3,1.8,0,0.9,0,9,9.6,2.1,3.9,8.6,4.3,17.7,11.5,9.2,0.3,15.2,1.3,5.2,0,1.3,0.3,0,6,0,0,0,2.3,0,0,0.6,13.7,0.3,0.7,2.3,0,0,0,11,9.9,0,0,0.3,8.3,12.1,0,18.7,0,28.5,0.4,1.2,2.1,4.8,6.7,2.1,4.3,4.1,8.4,6.6,0.7,6.3,26.5,30.7,3.6,22.6,0,7.5,0,3.4,7,5.8,5,0.2,0.5,0.6,9,0.2,2.5,5.9,3.1,patients,FIMM,FO5A
AML_020_01,3.6,14.8,0,0,14.7,1.3,0,10.7,20.8,6.3,0,0.9,2.6,0.3,22.4,0,7,0,26.9,10.9,0,13.3,5.1,0,5.3,0,0,0,0.3,3.4,10,0,0,14.7,4.2,1.4,3.7,0,0,5.7,21.3,4.9,0,0,0.7,3.2,22.1,0,22.7,5.2,24.1,5,17.7,12.9,12.3,0,1.8,13.7,0,8.6,14.2,0.9,0,20.7,16.3,0,1.3,6.9,9.5,17.1,7.7,5.6,16.3,0,0,6.4,6.4,4.4,0.2,0,9.4,13,patients,FIMM,FO5A
AML_006_02,0,6.6,1.6,22.2,3.2,0.8,2.7,1.9,13.4,9.3,1.6,4.4,11.7,3.6,23.1,13.3,10.2,0,15.9,3.3,3.8,0,1.9,1.7,0,4.8,0,4.6,2.4,1.9,0,0,0,16.2,2.5,1.4,2.5,0.2,0,1.2,14.1,10,0,0,0.8,7.8,13.1,0,18.9,0,28.2,1.9,0,4.8,9.1,6.1,3.4,4.9,6,7.2,15.7,0.4,1.9,19.1,27.8,2.6,21,0.4,8,0,2.7,7.3,7,0,1.3,0,5.1,7.7,1.2,0.6,3.9,12,patients,FIMM,FO5A
AML_021_01,0,8.2,0.5,26.2,6.3,0,1.3,0,13.2,11.9,2.8,4.9,10.4,6.1,16.8,14.2,10.7,0,16.5,4.8,4.8,0,0,1.2,0,7.2,2.3,2.9,0,3.2,0,0,0,14,10.3,0,6.6,0,0,1.9,13.9,8,0,0,1.3,9.6,13.4,0,13.4,0.5,24.4,2.8,0.1,7.2,5.6,4.1,1,2.4,3,3.6,10.2,0,0,29.5,29.4,3.2,19.5,0,3,0,0.2,5.3,7.9,0,4,0,3.1,8.5,0.8,0.7,5,10.7,patients,FIMM,FO5A
AML_022_01,1,14.7,2.2,22.5,10,2.9,6.5,4,13.2,12.9,8.2,4.9,14.4,2.2,22.4,18.7,14.5,0,24.1,4.4,12,11.1,7.9,2.6,3,7.4,0,1.9,0,18.5,0.2,0,0,18.4,6.7,6.5,7.8,0,0,2.7,18.6,11.4,0.5,7.8,0,12.1,15.3,0,24.6,2.2,23,6,12,4.6,10.6,8.5,6.5,3.6,5.6,14.7,18.3,5.7,5.3,16.2,31.2,8,21.4,2.6,8.8,0,5.7,13.3,14.1,4.1,13.4,3.3,6.8,14.7,7,5.9,7.1,13.6,patients,FIMM,FO5A
AML_023_01,0.2,6.1,2.3,18.6,2.9,0,0.1,3.6,5.4,10.2,3.6,6.6,11.1,1.6,16.6,10.4,4.8,0,13.2,0,4.6,4.8,7.6,0.8,3.5,12.4,0.4,0.6,0,5.4,0,0,4.2,9.3,6.9,4.1,5.2,1.9,0,0.9,6.8,9.4,0,0,1,5.8,11.3,0,24,0.2,22.9,6.3,0,3.5,7.6,0,6.4,5.4,1.2,7.3,4.7,5.1,4.2,24.8,22.4,3.1,20.1,1.9,11.8,3,5.2,7.7,6.2,6.1,1.7,3.7,3.9,5.8,2,6.8,4.4,11.4,patients,FIMM,FO5A
AML_024_01,5.7,13.5,2.2,21.5,1.6,3.2,2.2,4.5,9,9.2,5.4,10,11.7,7.9,17.6,13.3,9.9,0,13.6,0,5.1,1.7,11.6,0.1,3.9,10.5,3.5,2.3,0,5.2,0,0,5.9,18,14.5,3.1,8.3,0.3,0,1,14.8,11,3.8,0,3.1,10.6,15.9,4,18.8,0.1,24.9,7.6,2.2,2.5,11.1,3.9,7.8,11.6,2.7,10.2,14.1,8.3,6.1,23.4,27.2,3,22.6,0.5,10.2,3,4.1,7.4,12.4,7.7,1.9,5.1,3.6,8.2,6,6.9,10.1,13.7,patients,FIMM,FO5A
AML_025_01,0,8.6,0.8,19.3,2.5,0.7,1.8,0,10.5,9.2,0,5.4,7.6,5.6,20,0,10.7,0,9.2,0,3.4,0,3.8,0.8,0,11.7,0,0.5,1,1,0,0,0,11.6,5,0.2,1.9,0,0,2.1,11.9,8.7,0,0,2.7,7.5,11.7,0,19.3,0.3,28.5,0.4,0,6.7,6.2,4.7,1.4,4.8,1.6,5.3,7.5,0,0,23,25,4.2,21.2,0.4,8.7,0,2.8,11.7,7.2,0,0,0,4,5.8,0.4,0,8.5,7.7,patients,FIMM,FO5A
AML_026_01,0,3.6,0.4,18.3,2.7,0,1.9,1.6,4.9,9.2,2.1,2.9,3.9,1.9,17.3,9.7,9.3,0,13.3,1.2,4.2,1.1,1,0,0,1.2,0,0.1,2.2,1.3,0,0,0,5.2,0,0.1,2.7,0,0,1.9,3,7.8,0,0,0.1,6.2,11.5,0,13.3,0.1,24.4,0.5,0,2.2,1.9,2.1,4.7,1.4,1.2,9.5,3.9,1.4,1.2,24.3,22.2,2.3,16.7,0.9,7,0,2.6,6.2,2.3,6.3,0,0,0.8,7.6,0,0.6,8.2,3.9,patients,FIMM,FO5A
AML_027_01,1.7,11.1,3.3,21.6,2.7,3,4.1,5.9,10.2,10.4,5.9,4.5,11,1.8,22.5,15.7,9.5,0,23.6,3.8,7.5,0,7.4,0,0,9.4,0,0,0,3.8,0,0,0,14.3,6.6,1.6,4.2,0,0.3,0.4,16.8,9,0.7,0,0,7.7,16,0,22.6,0,27.7,4.8,1.4,1.6,10.5,3,6.7,7.3,4.2,17.4,13.8,0,9.1,25.6,29.8,3.7,20.6,0,4.8,0,4.8,7.1,10.6,6.3,2.8,0.4,6.6,13,4.5,2.4,11,8.4,patients,FIMM,FO5A
AML_028_01,0,4.3,0.4,12,5.7,0.4,2.2,3.1,9.5,8,1.1,5.3,8.1,2.5,19.8,6.4,8.9,0,8.5,0.7,2.9,0.9,1.6,2.7,0,9.7,0.2,0,1.3,5.7,0,0,0,11.6,0.9,0.7,4.8,0,0,0.4,10.8,9.4,0,0,0.2,5.2,14.2,0,20.5,0.6,26.4,2.9,4.4,4.3,10.3,5.5,2.4,5.5,1.7,10.3,8.1,1.2,0,12.6,16.9,3,18.1,5.8,8.7,0,1.8,8.3,5.7,0,1.1,0.7,7,3.1,5.4,4.5,4.6,7.8,patients,FIMM,FO5A
AML_013_02,3,7.1,2.4,18.2,4.3,0.6,3.8,5,13.8,9.7,8.6,6,11.4,0.9,21.6,15.2,11.3,6.3,20.1,1.9,7.6,4.7,2.2,0.4,0,3.8,2.1,0,0.3,6,0.1,0,0,19.2,0.2,1.5,3,0,0,2,17.3,10.7,1.1,1.9,0,7.7,14.5,0.5,31.2,1.2,30.5,2.1,4.2,3.2,14.8,4.8,5.4,11.7,5,17.9,11.7,0,2.5,24.6,23.3,8.4,18.7,1.2,7.4,0,2.7,10.7,6.2,1.7,2.1,0.8,6.6,12,6.6,4.8,1.1,8.2,patients,FIMM,FO5A
AML_029_01,0,4.6,0.7,17.8,0,0,1.2,0,8.1,7.9,0.5,5,6.5,1.9,15,5.7,9.2,0,11.5,1.5,2,0,0.2,0,0,0,0,0,1.9,2.9,0,0,2.2,9.5,0,0,0,0,1,0.4,7,8.2,0,0,1,4.4,13.5,0,11.8,0,22.6,0.1,0,2.9,4.5,0.7,1.3,3.7,1.5,6.2,5.7,0,0.6,24.9,22,1.9,17.6,0,4.9,0,2.2,5.4,6.8,1.6,0.2,0,0.4,4.7,0.8,1,4.1,0.2,patients,FIMM,FO5A
AML_030_01,0,4.8,2,17.3,2.7,0,0,0,8.3,7.1,0,4.8,8.8,3.4,19.4,5.2,11.6,0,8.2,1.5,0.1,4,0,2.4,0,3.6,0,0,0.7,4.5,0,0,1.3,9.6,5,0,2.5,0,0.2,3.9,5.6,5.8,0,0,0.2,8,17.1,0,13.6,0,26.4,0,0,3.5,5.6,4.8,0.8,7.6,1.9,0,8.2,1.4,0.2,24.1,26.9,3.2,16.8,0,7.6,0.6,5,4.3,7.9,0,0.1,0,1.4,2.3,0,3.7,8.2,0.1,patients,FIMM,FO5A
AML_031_01,0.4,7.9,2.5,25.3,4.8,0.3,4.7,3.9,15.4,14.1,3.8,8.7,15.8,6.5,23.9,17.4,11,5.2,22.3,3.6,7.8,3.7,7.3,2.8,1.1,7.4,0,1.3,1,6.9,0,0,1.5,22.5,4.6,0.9,4.6,1.9,0,1.1,22.4,11.7,0.8,0,4.5,9,19.3,0,24.9,0.2,27.7,4.4,14.6,8,14.9,9.8,2.4,13,2.9,7.9,12.8,1.2,1.3,27.2,28.9,8.4,22,5,7.2,1.8,5.1,12.3,8.3,5.2,3.4,1.3,4.1,15.6,6.8,6.4,13.3,10.1,patients,FIMM,FO5A
AML_032_01,10.6,5,0.3,22.7,5.8,3.6,4.5,11.5,13.7,12.5,11.4,7.3,19.3,1.6,28.6,19.3,7.6,6,22.5,8.8,10.8,2.9,3,0.9,2.7,1.5,0,4.2,8.8,9.4,8.6,0,2,24,3.1,4.2,5.2,0,2.6,2.6,25,11.9,4.3,3.4,0,4.1,17.1,0,19.8,0,28.6,8,7.1,4.7,12.1,7.6,8.5,8.5,4,30.1,18.7,3.7,19.2,18.1,28.5,7.1,25.9,1.3,8.8,0.1,7.4,13.8,10.7,16.5,2,5.6,10.6,16.1,11.6,6.3,6.3,7,patients,FIMM,FO5A
AML_033_01,0,0.1,,15.3,1.5,0,0.8,0.2,6.3,10.6,,,2.2,0.6,10.7,3.8,7.3,,4.2,,0.5,0.5,,,,1.5,,0,,0,0,0,0,6,,,0,,,,5.7,,,,0,4.1,16.8,,15.3,,,,,0.2,,,1.1,,0.2,9.8,,,0.1,16.4,16.5,,13.9,,4.9,0,,1.6,,0.7,1.4,,,3.8,,,3,,patients,FIMM,FO5A
AML_034_01,0,10.8,0.4,19,6.1,2,2.6,0,12,8.3,3,7.7,10.1,7,20.1,10.6,10.6,0,10.8,3.3,5,1.1,7.9,2.8,0,8.5,0,0,0.1,6.8,0,0,0,12.9,7.1,0.7,0,0,0,0.9,9.6,9.3,0.5,0,2.2,8,15.9,0,16.1,0.1,,0,0,4.2,5.2,,1.3,0.7,4.3,5.2,14,0.3,0,26,24.7,2.2,15.7,2.2,3.9,0,3.9,6.5,7,2,3.5,0,5,6,5.5,3.8,8.9,5.3,patients,FIMM,FO5A
AML_035_01,0.7,9.3,3.1,25.2,2.2,2.3,3.9,0,14.5,11,2.4,6.9,15.1,6.2,25,13.4,14.1,1.2,20.3,2.8,6.9,0,7.7,5.4,0,11.6,0,0,0,3.2,0,0,0,13.3,7.3,1.3,2.2,0.3,0.1,2.2,10.7,10.3,0,0,2.5,7.5,12.4,0,30.5,0.1,29,1.7,0,7.6,9.9,4.9,0.8,7.2,4.7,4.5,9.4,3.1,2,24.8,30,4,21.6,2.7,10.2,0,3,11.9,9.7,1.6,2.5,0,4.3,9.3,3.5,3.8,4.1,11.1,patients,FIMM,FO5A
AML_036_01,0,9.6,0.5,20.3,6.3,31.1,0.9,0,7.1,9.9,0.8,6.9,5.1,1.5,18.7,10.1,9.1,0,11.6,1,1.4,1.9,5.4,1,0,0,0,0,0,5.1,0,0,2.8,44.1,3.8,3.4,0.1,0,0,0.8,45.5,5.6,0,0.4,0,6.9,45.7,0,48.3,0,,0,0,5.5,4.3,,0.7,3.2,2.1,8.2,11.1,0,0.2,48.3,26.1,1.6,18.5,0.2,3.5,0,2.6,5.8,8.9,0,0,0,,4.7,2.4,0,21.1,1.9,patients,FIMM,FO5A
AML_037_01,0,4.4,2.4,16.8,6.4,0,4.7,7.6,16.2,9,6.7,9.5,14.5,1.9,21.8,14.3,9.8,0,15,0.5,7.6,4.5,2.1,6.1,0,6.2,0,0.8,1.9,6.2,0,0,0,35.7,0.9,2.4,4.3,0,0.6,0.6,47.7,11.6,0,0.4,2.1,8,28.9,0,48.3,0,28.5,4.8,12.7,9.6,12.8,8.8,3.9,9.5,2,11.4,11.5,5.5,0.2,48.3,22,10.8,17.9,8.2,5.3,1.1,3.3,13.9,4.3,0.1,2.4,2.3,6.1,8.4,7.7,11,48.3,13.3,patients,FIMM,FO5A
AML_038_01,1.2,14.9,2.4,20.6,13.6,32,3.8,0.1,14,11.7,,5.5,12.1,6.3,21.7,16.9,8.2,0,20.7,,6.9,12.4,6.3,,,19.6,0,2.1,,10.8,0.3,0,1.3,48.3,,4.8,12.1,,,2.2,48.3,7.1,,6.8,0.1,8.6,21.3,0,48.3,1.4,,,0.3,10.6,,,0.3,2.1,2.4,20.2,,,4.5,48.3,28.1,5.9,22.5,1.2,11,0,,17.4,,8.3,9.7,,,11.8,,,19,,patients,FIMM,FO5A
AML_039_01,0,6,1.6,21.4,3,0,0.2,1.7,11.7,11.2,3.9,3.7,8.8,1.9,20.9,13.3,10.2,0,16.2,1.5,5.9,1.5,4.4,1.3,0,4.8,0,0,0.9,3.2,0,0,0,16.8,3.3,1.3,1.6,0,0,1.7,0,10.4,0.1,0,0,7.1,20,0,19.5,0,28,3.8,5.2,2.7,11.9,5.6,3,5.5,1.4,6.2,7.1,0.3,1.3,17.9,26.9,2.6,20,0,7.2,0,2,6.9,9.1,4.5,0.4,0,2.9,8.4,4.5,2.8,1.3,6.5,patients,FIMM,FO5A
AML_040_01,0,5.8,0,19.5,2.5,0,2.4,5,12.2,6.3,0.5,4,12.3,2.1,22,9.1,9.3,0,7.1,1,3.1,0,5.1,0,0,8.4,0,0,0,2.8,0,0.1,0.5,13.2,4,0.7,2.6,0,0,0,10.7,9.8,0,0,2.8,7.1,18.6,0,18,0,29.9,2.7,0,4.5,5.3,4.8,2.1,2.9,0,5.7,6.5,0,0,28,24.1,2.4,18.4,0,4.3,0,1.6,8,10.7,0,2.1,0,4.1,6.4,2.6,0,6.1,6.3,patients,FIMM,FO5A
AML_041_01,0,1.7,,17.2,1.2,0.6,0.2,1.6,6,7.8,,,5.1,2.3,16.5,5.3,8.2,,7.3,,2.2,0,,,,8.8,,0,,3.3,0,0,0,5,,,2.1,,,,5.9,,,,1.2,4.8,15.9,,14.3,,,,,4.2,,,1.8,,0.3,11.2,,,0.6,15.7,20.4,,17.6,,7.6,0,,7.1,,0,0,,,3.9,,,3.1,,patients,FIMM,FO5A
AML_042_01,4.5,16.6,3.1,19.6,18.9,1.3,7.6,8,15.1,11.7,11.8,7.3,17.3,2.5,26.7,18.1,20.1,4.1,22.2,0.7,9.7,17.9,12.1,1,5.7,10.3,0,8.4,4.1,22.5,0,0,5.2,15.5,10.3,9.6,8.9,0,0,2.2,13,11.1,5,13,0.1,6.5,16.8,0.4,12.8,4.2,23,6.8,9.1,5.5,18.5,6.4,2.2,14.6,3.3,25.9,10.2,6.7,2.7,23.4,26.3,10.8,22.9,8.4,10.4,0.4,8.2,16.4,10.2,1,16.5,7.5,8.2,12.7,13.2,14,9,19.4,patients,FIMM,FO5A
AML_043_01,2.5,14.9,1.4,27,5,1.4,4.3,9.9,16.3,14.2,9.1,7.3,17.8,6.7,30.8,18.5,15.7,7.7,22.5,7.5,7.9,0,17.1,3.8,1,7.9,0,0.6,0,5.8,1.7,0,0,22.3,10.5,1.9,2.2,0,4.6,5.8,21.7,10.8,4.3,0,4.3,6.1,16.9,0,27.7,0.1,30.2,4.4,10.3,8.8,15,8.2,9.4,7,4.8,24.2,12.7,3,6.9,26.5,33.5,14.1,24.9,5.5,7.6,0.7,8.3,15.9,10.3,1.8,2,3.7,5.3,12.8,10.5,6.2,2.3,16.1,patients,FIMM,FO5A
AML_044_01,2.3,7.5,0.6,21.2,1.7,0,3.1,0,16.1,8.6,4.4,2.4,16.7,6.1,21.9,18,8.3,0,23.4,0,8.4,3.2,2.7,0.1,0.4,4.3,0,1.4,6.3,3,1.8,0,0.1,0,0,0,3.6,0,0,0,12.3,9.6,0,0,0.2,7.5,16.3,0,17.4,0,24.3,4.2,4,5.5,12.3,6.5,2.2,7.9,1.5,4.5,7.1,0,5.4,23.4,26.4,6.4,21.6,0.3,5.7,0,1.6,14.2,2.1,4.9,2.3,0.1,5.3,13.1,4.6,3.7,3,7,patients,FIMM,FO5A
Healthy_1,0,8.7,1.1,19.6,1.9,2.5,0,0.3,8.8,7.5,1.2,3.7,7.8,0.6,15.9,9.6,9.5,0,9.4,2.8,4.2,0.4,5.9,0,0,4.9,0,0,1.6,4.4,0,0,0,8.1,2.4,0.2,0,0,0,0.1,6.3,7.7,0,0,0.8,6.6,16.6,0,16.6,0,29,0,0,3,8.9,2.7,0.3,5.2,0,0.5,10.2,0,0,24.5,23.4,4.2,19.5,1.5,6.7,0,1.4,7.3,7.3,0,0.3,0,4.3,7.4,0.6,1,5.7,4.8,controls,FIMM,FO5A
Healthy_2,0,4.8,0.7,19.9,1.9,0.5,1.1,0,3.8,8.3,1.4,7.1,4.4,0.4,15,8.9,9.1,0,7.3,0.8,2.2,0,0,1.5,0,3.5,0,1,1.8,2.3,0,0.1,0,10.4,0,0.5,0,0,0,3.1,8.3,8.8,0.1,0,1.2,5.8,16.7,0,18,0,28.1,0,0,1.4,8.1,1.8,0,3.5,0.8,6.3,9.8,0,0.4,25.1,20.4,2.7,19.2,1.8,6.2,0,2.1,4.9,2.2,0,0.8,0,1.1,3.1,2.6,4.3,3.7,3.2,controls,FIMM,FO5A
Healthy_3,0,4.9,1.7,21.8,0.1,1.2,0,0,10.4,9.1,0,5.1,8.3,3.9,16,8.6,10.9,0,8.7,4.3,1.7,0,1.3,0.8,0,3,0,0,0,1.4,0,0,0,7.8,4.2,0,0,0,0.7,4.2,6.2,7.9,0.7,0,0,9,16.7,0,17.2,1.9,28.2,0.4,0,7.5,2.5,9.5,0.2,1.4,1.2,0,9.6,0,0.8,24.1,28.9,1.5,17.3,0,6.2,0,2.6,6.9,9.8,0.8,0,0,3.5,4.8,0.2,1,4.1,4,controls,FIMM,FO5A
Healthy_4,0,8.4,0.4,18.9,3.8,3.4,2.1,0,15.2,9.1,0.7,6.8,16.1,5.8,20.2,14.1,10.5,0.3,14.5,4.1,6.3,1.8,6.8,1.1,0,5.5,0,0.9,1,4.9,0,0,0.4,14.7,8.1,0,0,0,0,1.2,13.3,9.2,1.4,0,0.4,8.4,17.1,0,22.4,3.1,31.2,0,0,5,7.8,7.9,1.4,7.6,1.6,0,15.8,0.8,0.6,27.4,28.5,4,20.1,0.9,7.5,0,3.8,11.4,6.2,0.2,1,0,2.9,7.4,3.7,1.8,5.6,4.6,controls,FIMM,FO5A
Healthy_5,0,9.3,1.1,17.3,3.2,1.7,1.4,0,12.9,10.1,0.7,3.6,11.2,7,20,11.1,10.4,0,13,4,5.8,0.2,6.9,1.3,0,5.7,0,0.9,0.3,1.6,0,0,0,15.5,4.8,0,0.1,0.2,0,2.3,10.9,6.9,0.9,0,0.8,10.8,17.8,0,19.3,2,29.6,0,0,7.1,3.7,7.4,0.6,1.7,1.5,0,12.7,0.8,0.7,26.4,27.7,2.2,18.1,1.3,7.9,0,2.8,9.2,11.4,0.1,0.2,0,4.1,6.3,1.3,1.5,4.8,5.3,controls,FIMM,FO5A
Healthy_6,0,9,0.5,23,0.4,4.5,0.8,0,15.5,8.8,2.8,5.3,12.8,3.3,20.4,11.7,10.5,0,12.1,4,4.7,0,7.1,1,0,0.1,0,1.6,0.5,2.5,0,0,0,14.6,3.3,0,0,0.2,0,2.7,14.8,7.3,0.7,0,0.1,9.5,6.8,0,23,0.2,30.8,0.1,0,2.7,3.1,8.7,0.5,3.1,2.4,0,13.4,0,0.4,25.8,29.2,3,17.8,2,7.1,0,1.7,9,11.9,0,0,0,4.4,5.9,1.8,0,3.4,5,controls,FIMM,FO5A
Healthy_7,0,8.5,0,21.4,0.4,1,0,0.1,13.6,7.6,0,5.1,13,0.8,17,11.6,10.5,0,9.2,11.4,4.1,0,6,0.8,0,2.3,0,0.3,1.1,2.5,0,0,0,13,2.8,0,0,0,0,3.2,10.9,8.5,0.3,0,0,8,10.1,0.1,18.8,0,29.6,0.1,0,3.7,5.1,5.2,0.8,7.6,1.9,0,11.3,0,0,23.4,28.3,3.2,16.4,2.1,6.2,0.9,2.1,3.5,8.1,0,0,0,3,5.5,1.8,0.9,4.4,6.4,controls,FIMM,FO5A
Healthy_8,0.1,9.9,1.2,22,1.9,6.9,3.9,0,9.5,9.7,0.6,7.6,11.2,5.7,20.9,12.5,11.4,0,11.8,3.7,3.5,0,8.1,3.6,0,0.8,0,1,0,4,0,0,1.1,14.2,10,0,0.5,0,0,3.6,18,9.4,1.4,0,0,9.8,7,0,21.1,0,29.6,1.3,2.5,2.3,9.4,10.5,1.8,5.8,3.8,0,13,0,1.6,26.2,28.9,4.1,16.9,0,8.2,0.4,4.9,10,19,0,0.9,0.1,3.2,4.4,5.3,2.6,7.1,10.2,controls,FIMM,FO5A
Healthy_9,0,13.6,1.4,22.1,1.8,5.2,3.1,3.5,12.1,8.8,1.8,7.7,13.3,5.6,22.2,10.5,12.3,0,10.7,1,4.6,0.8,7.3,0.1,0,9.9,0,0,0.5,3,0,0,0,12.4,10.3,0,0.7,0,0,3.9,14.2,8.8,1.6,0,0.5,10.4,14.9,0,18.8,5.4,29.7,1.4,4,5.7,5.9,5.8,1.8,2.1,1.4,0,12.5,4.1,1.6,26.8,28,1.7,17.9,1.4,9.1,0.8,4.5,6.4,12.6,0,0,0,0.6,5.7,6.9,2.8,5.6,9.2,controls,FIMM,FO5A
Healthy_10,0,13,0.2,20.2,1,3.8,2.8,0.5,12,9.3,0,2.4,10.5,2.8,16.3,8.9,9.2,0,11.4,2,4,1.1,9.7,0.3,0,7.2,0,0.9,1.3,3.7,0,0,0,15.2,6.6,0,0,0,0,3,9.5,6,1.1,0,0.9,8.9,14.8,0,22.4,5.3,28.2,3.1,5,3.4,5.3,7.7,0.4,4,0.8,0,9.1,3.1,0,23.9,30.1,2.4,18.1,0,2.8,0,1,6.6,9.8,2.3,0,0,0.7,5.7,4.3,0.2,6.7,4.8,controls,FIMM,FO5A
